CodOrgSuperior;OrgSuperior;OrgSubordinado;UnidadeGestora;Data;Favorecido;Valor
52000;MINISTERIO DA DEFESA;COMANDO DO EXERCITO;COLEGIO  MILITAR DE BRASILIA;02/12/2017;SHERATON BOSTON HOTEL;28615.13
52000;MINISTERIO DA DEFESA;COMANDO DO EXERCITO;4 GRUPO DE ARTILHARIA ANTIAEREA;23/11/2017;MARIA EDUARDINA DO AMPARO & CIA LTDA - ME [RECANTO HOTEL E RESTAURANTE];12000
52000;MINISTERIO DA DEFESA;COMANDO DO EXERCITO;4 GRUPO DE ARTILHARIA ANTIAEREA;20/11/2017;GEMIMA FERNANDES SOARES - EPP [HOTEL HEBRON];12000
52000;MINISTERIO DA DEFESA;COMANDO DO EXERCITO;COLEGIO  MILITAR DE BRASILIA;08/12/2017;PARK CENTRAL HOTEL;10203.09
20113;MINIST. DO PLANEJAMENTO, DESENVOLV. E GESTAO;FUNDACAO INST.BRAS.DE GEOGRAFIA E ESTATISTICA;UNIDADE ESTADUAL DO IBGE NO MATO GROSSO SUL;31/08/2017;ADEMAR DE OLIVEIRA DINIZ - ME [FENIX PLAZA HOTEL];6465.5
32000;MINISTERIO DE MINAS E ENERGIA;COMPANHIA DE PESQUISA DE RECURSOS MINERAIS;COMPANHIA DE PESQUISA DE RECURSOS MINERAIS;28/08/2017;IRMAOS PINHEIRO HOTEIS E TURISMO LTDA [INACIO PALACE HOTEL];3660.5
52000;MINISTERIO DA DEFESA;MINISTERIO DA DEFESA;DEPARTAMENTO DE ADMINISTRACAO INTERNA-MD;31/05/2017;RIO ATLANTICA HOTEL S/A;3412.4
52000;MINISTERIO DA DEFESA;MINISTERIO DA DEFESA;DEPARTAMENTO DE ADMINISTRACAO INTERNA-MD;11/10/2017;LA HOTELS EMPREENDIMENTOS 1 LTDA. [ROYAL TULIP BRASILIA];3021.8
52000;MINISTERIO DA DEFESA;MINISTERIO DA DEFESA;DEPARTAMENTO DE ADMINISTRACAO INTERNA-MD;09/05/2017;MORUMBY HOTEIS LTDA [GRAND HYATT SAO PAULO];2630.46
32000;MINISTERIO DE MINAS E ENERGIA;COMPANHIA DE PESQUISA DE RECURSOS MINERAIS;COMPANHIA DE PESQUISA DE RECURSOS MINERAIS;01/09/2017;HOTEL KANAAN;2361
32000;MINISTERIO DE MINAS E ENERGIA;COMPANHIA DE PESQUISA DE RECURSOS MINERAIS;COMPANHIA DE PESQUISA DE RECURSOS MINERAIS;13/09/2017;HOTEL TREVO SERVICO DE HOTELARIA LTDA  - ME [HOTEL TREVO];2313.5
52000;MINISTERIO DA DEFESA;MINISTERIO DA DEFESA;DEPARTAMENTO DE ADMINISTRACAO INTERNA-MD;12/05/2017;COMPANHIA HOTEIS PALACE [COPACABANA PALACE HOTEL];2305.48
52000;MINISTERIO DA DEFESA;MINISTERIO DA DEFESA;DEPARTAMENTO DE ADMINISTRACAO INTERNA-MD;05/04/2017;WINDSOR ADMINISTRACAO DE HOTEIS E SERVICOS LTDA [WINDSOR MARAPENDI HOTEL];2133.25
52000;MINISTERIO DA DEFESA;MINISTERIO DA DEFESA;DEPARTAMENTO DE ADMINISTRACAO INTERNA-MD;05/04/2017;WINDSOR ADMINISTRACAO DE HOTEIS E SERVICOS LTDA [WINDSOR MARAPENDI HOTEL];2000
26000;MINISTERIO DA EDUCACAO;UNIVERSIDADE FEDERAL DO PARA;UNIVERSIDADE FEDERAL DO PARA;10/10/2017;HOTEL RIO PARNAIBA LTDA [HOTEL RIO PARNAIBA];2000
32000;MINISTERIO DE MINAS E ENERGIA;COMPANHIA DE PESQUISA DE RECURSOS MINERAIS;COMPANHIA DE PESQUISA DE RECURSOS MINERAIS;18/07/2017;PREMIUM PALACE HOTEL LTDA - ME [PREMIUM PALACE HOTEL];1812.5
32000;MINISTERIO DE MINAS E ENERGIA;COMPANHIA DE PESQUISA DE RECURSOS MINERAIS;COMPANHIA DE PESQUISA DE RECURSOS MINERAIS;28/08/2017;WILLIAN AMADEU DE SOUZA COGO - ME [HOSPEDARIA COGO];1761.26
32000;MINISTERIO DE MINAS E ENERGIA;COMPANHIA DE PESQUISA DE RECURSOS MINERAIS;COMPANHIA DE PESQUISA DE RECURSOS MINERAIS;03/11/2017;POR DO SOL COMERCIO E SERVICOS LTDA - ME [ECO-TUR POUSADA];1642.3
32000;MINISTERIO DE MINAS E ENERGIA;COMPANHIA DE PESQUISA DE RECURSOS MINERAIS;COMPANHIA DE PESQUISA DE RECURSOS MINERAIS;21/08/2017;HOTEL OESTE LTDA - ME [HOTEL OESTE];1623
20113;MINIST. DO PLANEJAMENTO, DESENVOLV. E GESTAO;FUNDACAO INST.BRAS.DE GEOGRAFIA E ESTATISTICA;UNIDADE ESTADUAL DO IBGE NO MARANH�O;07/12/2017;S. DUARTE DA MOTTA [POUSADA QUEBRA ANZOL];1600
32000;MINISTERIO DE MINAS E ENERGIA;COMPANHIA DE PESQUISA DE RECURSOS MINERAIS;COMPANHIA DE PESQUISA DE RECURSOS MINERAIS;12/07/2017;HOTEL KANAAN LTDA - ME [HOTEL KANAAN];1589
32000;MINISTERIO DE MINAS E ENERGIA;COMPANHIA DE PESQUISA DE RECURSOS MINERAIS;COMPANHIA DE PESQUISA DE RECURSOS MINERAIS;26/06/2017;WILLIAN AMADEU DE SOUZA COGO - ME [HOSPEDARIA COGO];1505.15
32000;MINISTERIO DE MINAS E ENERGIA;COMPANHIA DE PESQUISA DE RECURSOS MINERAIS;COMPANHIA DE PESQUISA DE RECURSOS MINERAIS;05/07/2017;WILLIAN AMADEU DE SOUZA COGO - ME [HOSPEDARIA COGO];1476.85
40000;MINISTERIO DO TRABALHO;MINISTERIO DO TRABALHO;SUPERINT REG DO TRAB E EMPREGO/MTPS/ES;23/05/2017;ANTONIO VALDIR GAVA - ME [HOTEL CANAL];1440
32000;MINISTERIO DE MINAS E ENERGIA;COMPANHIA DE PESQUISA DE RECURSOS MINERAIS;COMPANHIA DE PESQUISA DE RECURSOS MINERAIS;13/09/2017;IRMAOS PINHEIRO HOTEIS E TURISMO LTDA [INACIO PALACE HOTEL];1336
52000;MINISTERIO DA DEFESA;COMANDO DO EXERCITO;COMANDO 2 BRIGADA DE CAVALARIA MECANIZADA;22/11/2017;BOCA DO MONTE HOTEIS E TURISMO LTDA [HOTEL MOROTIN];1330
40000;MINISTERIO DO TRABALHO;MINISTERIO DO TRABALHO;SUPERINT REG DO TRAB E EMPREGO/MTPS/ES;23/05/2017;HOTEL ESMIG;1260
32000;MINISTERIO DE MINAS E ENERGIA;COMPANHIA DE PESQUISA DE RECURSOS MINERAIS;COMPANHIA DE PESQUISA DE RECURSOS MINERAIS;29/06/2017;HOTEL TREVO SERVICO DE HOTELARIA LTDA  - ME [HOTEL TREVO];1200
52000;MINISTERIO DA DEFESA;COMANDO DO EXERCITO;COMANDO DA 17 BRIGADA DE INFANTARIA DE SELVA;30/08/2017;NUNZIO GRASSO JUNIOR - EPP [HOTEL MIRAGE];1200
32000;MINISTERIO DE MINAS E ENERGIA;COMPANHIA DE PESQUISA DE RECURSOS MINERAIS;COMPANHIA DE PESQUISA DE RECURSOS MINERAIS;20/06/2017;LUIZ & SGARIONI LTDA - ME [VALERIUS PALACE HOTEL];1193.6
32000;MINISTERIO DE MINAS E ENERGIA;COMPANHIA DE PESQUISA DE RECURSOS MINERAIS;COMPANHIA DE PESQUISA DE RECURSOS MINERAIS;07/12/2017;LUIZ & SGARIONI LTDA [VALERIUS PALACE HOTEL];1143.9
52000;MINISTERIO DA DEFESA;MINISTERIO DA DEFESA;DEPARTAMENTO DE ADMINISTRACAO INTERNA-MD;27/04/2017;GRANDE HOTEL CANADA LTDA - EPP;1038
32000;MINISTERIO DE MINAS E ENERGIA;COMPANHIA DE PESQUISA DE RECURSOS MINERAIS;COMPANHIA DE PESQUISA DE RECURSOS MINERAIS;06/04/2017;HOTEL KANAAN;1002
25000;MINISTERIO DA FAZENDA;MINISTERIO DA FAZENDA;SUPERINTEND�NCIA DE ADMINISTRA��O DO MF/PA;02/06/2017;MAPUERA SERVICOS E TURISMO LTDA  - ME [HOTEL MAPUERA];1000
20113;MINIST. DO PLANEJAMENTO, DESENVOLV. E GESTAO;FUNDACAO INST.BRAS.DE GEOGRAFIA E ESTATISTICA;UNIDADE ESTADUAL DO IBGE NO MARANH�O;15/12/2017;FC HOTEL LTDA [FC HOTEL];1000
32000;MINISTERIO DE MINAS E ENERGIA;COMPANHIA DE PESQUISA DE RECURSOS MINERAIS;COMPANHIA DE PESQUISA DE RECURSOS MINERAIS;13/12/2017;C. S. COSTA FURTADO [HOTEL CENTRAL];974
52000;MINISTERIO DA DEFESA;MINISTERIO DA DEFESA;DEPARTAMENTO DE ADMINISTRACAO INTERNA-MD;26/11/2017;WINDSOR ADMINISTRACAO DE HOTEIS E SERVICOS LTDA [WINDSOR BRASILIA HOTEL];963.28
20113;MINIST. DO PLANEJAMENTO, DESENVOLV. E GESTAO;FUNDACAO INST.BRAS.DE GEOGRAFIA E ESTATISTICA;UNIDADE ESTADUAL DO IBGE EM GOIAS;09/08/2017;CGS HOTEIS E TURISMO LTDA - EPP;891.1
32000;MINISTERIO DE MINAS E ENERGIA;COMPANHIA DE PESQUISA DE RECURSOS MINERAIS;COMPANHIA DE PESQUISA DE RECURSOS MINERAIS;19/07/2017;POR DO SOL COMERCIO E SERVICOS LTDA - ME [ECO-TUR POUSADA];891
32000;MINISTERIO DE MINAS E ENERGIA;COMPANHIA DE PESQUISA DE RECURSOS MINERAIS;COMPANHIA DE PESQUISA DE RECURSOS MINERAIS;16/06/2017;LUIZ & SGARIONI LTDA - ME [VALERIUS PALACE HOTEL];813.6
20113;MINIST. DO PLANEJAMENTO, DESENVOLV. E GESTAO;FUNDACAO INST.BRAS.DE GEOGRAFIA E ESTATISTICA;UNIDADE ESTADUAL DO IBGE NO MARANH�O;04/07/2017;S. DUARTE DA MOTTA - ME [POUSADA QUEBRA ANZOL];800
20113;MINIST. DO PLANEJAMENTO, DESENVOLV. E GESTAO;FUNDACAO INST.BRAS.DE GEOGRAFIA E ESTATISTICA;UNIDADE ESTADUAL DO IBGE NO MARANH�O;26/05/2017;ALMEIDA MARANHAO EMPREENDIMENTOS HOTELEIROS LTDA - EPP [IBIS HOTEL];800
32000;MINISTERIO DE MINAS E ENERGIA;COMPANHIA DE PESQUISA DE RECURSOS MINERAIS;COMPANHIA DE PESQUISA DE RECURSOS MINERAIS;26/06/2017;IRMAOS PINHEIRO HOTEIS E TURISMO LTDA [INACIO PALACE HOTEL];800
32000;MINISTERIO DE MINAS E ENERGIA;COMPANHIA DE PESQUISA DE RECURSOS MINERAIS;COMPANHIA DE PESQUISA DE RECURSOS MINERAIS;04/05/2017;HOTEL KANAAN LTDA - ME [HOTEL KANAAN];800
32000;MINISTERIO DE MINAS E ENERGIA;COMPANHIA DE PESQUISA DE RECURSOS MINERAIS;COMPANHIA DE PESQUISA DE RECURSOS MINERAIS;27/04/2017;GOMES VALADARES & DAL SANTOS DE SOUZA LTDA - ME [HOTEL E RESTAURANTE AMAZONAS];800
20113;MINIST. DO PLANEJAMENTO, DESENVOLV. E GESTAO;FUNDACAO INST.BRAS.DE GEOGRAFIA E ESTATISTICA;UNIDADE ESTADUAL DO IBGE NO MARANH�O;11/04/2017;ALMEIDA MARANHAO EMPREENDIMENTOS HOTELEIROS LTDA - EPP [IBIS HOTEL];800
26000;MINISTERIO DA EDUCACAO;INST.FED.DE EDUC.,CIENC.E TEC.DO MATO GROSSO;INST.FED.MATO GROSSO/CAMPUS S�O VICENTE;27/03/2017;MULTIBAR COMERCIO DE PRODUTOS PARA HOTEIS E RESTAURANTES LTDA - EPP [MULTIBAR];800
32000;MINISTERIO DE MINAS E ENERGIA;COMPANHIA DE PESQUISA DE RECURSOS MINERAIS;COMPANHIA DE PESQUISA DE RECURSOS MINERAIS;21/03/2017;IRMAOS PINHEIRO HOTEIS E TURISMO LTDA [INACIO PALACE HOTEL];800
32000;MINISTERIO DE MINAS E ENERGIA;COMPANHIA DE PESQUISA DE RECURSOS MINERAIS;COMPANHIA DE PESQUISA DE RECURSOS MINERAIS;18/03/2017;HOTEL ECOS LTDA - EPP [HOTEL ECOS LTDA];800
32000;MINISTERIO DE MINAS E ENERGIA;COMPANHIA DE PESQUISA DE RECURSOS MINERAIS;COMPANHIA DE PESQUISA DE RECURSOS MINERAIS;05/02/2017;JOSE ROBERTO BORGES - EPP [HOTEL BRASIL];800
32000;MINISTERIO DE MINAS E ENERGIA;COMPANHIA DE PESQUISA DE RECURSOS MINERAIS;COMPANHIA DE PESQUISA DE RECURSOS MINERAIS;14/02/2017;HOTEL KANAAN;800
32000;MINISTERIO DE MINAS E ENERGIA;COMPANHIA DE PESQUISA DE RECURSOS MINERAIS;COMPANHIA DE PESQUISA DE RECURSOS MINERAIS;16/02/2017;HOTEL KANAAN;800
32000;MINISTERIO DE MINAS E ENERGIA;COMPANHIA DE PESQUISA DE RECURSOS MINERAIS;COMPANHIA DE PESQUISA DE RECURSOS MINERAIS;19/02/2017;HOTEL JACONE LTDA - ME [HOTEL JACONE];800
52000;MINISTERIO DA DEFESA;COMANDO DO EXERCITO;25 BATALHAO DE CACADORES;01/02/2017;R ROCHA PORTELA & CIA LTDA - EPP [REAL PALACE HOTEL];800
52000;MINISTERIO DA DEFESA;COMANDO DO EXERCITO;25 BATALHAO DE CACADORES;14/02/2017;R ROCHA PORTELA & CIA LTDA - EPP [REAL PALACE HOTEL];800
20113;MINIST. DO PLANEJAMENTO, DESENVOLV. E GESTAO;FUNDACAO INST.BRAS.DE GEOGRAFIA E ESTATISTICA;UNIDADE ESTADUAL DO IBGE EM TOCANTINS;28/08/2017;LAGO DA PALMA HOTELARIA E TURISMO LTDA - ME [HOTEL LAGO DA PALMA];800
20113;MINIST. DO PLANEJAMENTO, DESENVOLV. E GESTAO;FUNDACAO INST.BRAS.DE GEOGRAFIA E ESTATISTICA;UNIDADE ESTADUAL DO IBGE NO MARANH�O;28/09/2017;ALMEIDA MARANHAO EMPREENDIMENTOS HOTELEIROS LTDA - EPP [IBIS HOTEL];800
26000;MINISTERIO DA EDUCACAO;INST.FED.DE EDUC.,CIENC.E TEC.DO MATO GROSSO;INST.FED.MATO GROSSO/CAMPUS CUIAB�;03/10/2017;AUTO POSTO REAL HOTEL E RESTAURANTE LTDA [TREVAO - AUTO POSTO REAL];800
32000;MINISTERIO DE MINAS E ENERGIA;COMPANHIA DE PESQUISA DE RECURSOS MINERAIS;COMPANHIA DE PESQUISA DE RECURSOS MINERAIS;18/10/2017;GOMES VALADARES & DAL SANTOS DE SOUZA LTDA - ME [HOTEL E RESTAURANTE AMAZONAS];800
32000;MINISTERIO DE MINAS E ENERGIA;COMPANHIA DE PESQUISA DE RECURSOS MINERAIS;COMPANHIA DE PESQUISA DE RECURSOS MINERAIS;31/10/2017;HOTEL KANAAN;800
20113;MINIST. DO PLANEJAMENTO, DESENVOLV. E GESTAO;FUNDACAO INST.BRAS.DE GEOGRAFIA E ESTATISTICA;UNIDADE ESTADUAL DO IBGE NO MARANH�O;15/12/2017;FC HOTEL LTDA [FC HOTEL];800
32000;MINISTERIO DE MINAS E ENERGIA;COMPANHIA DE PESQUISA DE RECURSOS MINERAIS;COMPANHIA DE PESQUISA DE RECURSOS MINERAIS;07/12/2017;GOMES VALADARES & DAL SANTOS DE SOUZA LTDA [HOTEL E RESTAURANTE AMAZONAS];800
26000;MINISTERIO DA EDUCACAO;INST.FED.DE EDUC.,CIENC.E TEC.DO MATO GROSSO;INST.FED.MATO GROSSO/CAMPUS S�O VICENTE;27/03/2017;MULTIBAR COMERCIO DE PRODUTOS PARA HOTEIS E RESTAURANTES LTDA - EPP [MULTIBAR];799
32000;MINISTERIO DE MINAS E ENERGIA;COMPANHIA DE PESQUISA DE RECURSOS MINERAIS;COMPANHIA DE PESQUISA DE RECURSOS MINERAIS;30/06/2017;HOTEL TREVO SERVICO DE HOTELARIA LTDA  - ME [HOTEL TREVO];790.5
32000;MINISTERIO DE MINAS E ENERGIA;COMPANHIA DE PESQUISA DE RECURSOS MINERAIS;COMPANHIA DE PESQUISA DE RECURSOS MINERAIS;26/06/2017;IRMAOS PINHEIRO HOTEIS E TURISMO LTDA [INACIO PALACE HOTEL];790
52000;MINISTERIO DA DEFESA;COMANDO DO EXERCITO;25 BATALHAO DE CACADORES;01/02/2017;R ROCHA PORTELA & CIA LTDA - EPP [REAL PALACE HOTEL];790
26000;MINISTERIO DA EDUCACAO;INST.FED.DE EDUC.,CIENC.E TEC.DO MATO GROSSO;INST.FED.MATO GROSSO/CAMPUS S�O VICENTE;22/03/2017;MULTIBAR COMERCIO DE PRODUTOS PARA HOTEIS E RESTAURANTES LTDA - EPP [MULTIBAR];787.8
32000;MINISTERIO DE MINAS E ENERGIA;COMPANHIA DE PESQUISA DE RECURSOS MINERAIS;COMPANHIA DE PESQUISA DE RECURSOS MINERAIS;05/09/2017;HOTEL JACONE LTDA - ME [HOTEL JACONE];786.5
52000;MINISTERIO DA DEFESA;COMANDO DO EXERCITO;25 BATALHAO DE CACADORES;01/02/2017;R ROCHA PORTELA & CIA LTDA - EPP [REAL PALACE HOTEL];780
52000;MINISTERIO DA DEFESA;COMANDO DO EXERCITO;25 BATALHAO DE CACADORES;01/02/2017;R ROCHA PORTELA & CIA LTDA - EPP [REAL PALACE HOTEL];770
52000;MINISTERIO DA DEFESA;COMANDO DO EXERCITO;25 BATALHAO DE CACADORES;01/02/2017;R ROCHA PORTELA & CIA LTDA - EPP [REAL PALACE HOTEL];760
32000;MINISTERIO DE MINAS E ENERGIA;COMPANHIA DE PESQUISA DE RECURSOS MINERAIS;COMPANHIA DE PESQUISA DE RECURSOS MINERAIS;29/05/2017;HOTEL EDER;757
32000;MINISTERIO DE MINAS E ENERGIA;COMPANHIA DE PESQUISA DE RECURSOS MINERAIS;COMPANHIA DE PESQUISA DE RECURSOS MINERAIS;24/04/2017;HOTEL FORTALEZA;755
52000;MINISTERIO DA DEFESA;MINISTERIO DA DEFESA;DEPARTAMENTO DE ADMINISTRACAO INTERNA-MD;22/04/2017;GRANDE HOTEL CANADA LTDA - EPP;749
32000;MINISTERIO DE MINAS E ENERGIA;COMPANHIA DE PESQUISA DE RECURSOS MINERAIS;COMPANHIA DE PESQUISA DE RECURSOS MINERAIS;29/05/2017;HOTEL EDER;743
26000;MINISTERIO DA EDUCACAO;INST.FED.DE EDUC.,CIENC.E TEC.FARROUPILHA;INST.FED.DE EDUC.,CIENC.E TEC.FARROUPILHA;06/07/2017;Braston Hotels;733.37
32000;MINISTERIO DE MINAS E ENERGIA;COMPANHIA DE PESQUISA DE RECURSOS MINERAIS;COMPANHIA DE PESQUISA DE RECURSOS MINERAIS;06/11/2017;HOTEL TREVO SERVICO DE HOTELARIA LTDA  - ME [HOTEL TREVO];732
52000;MINISTERIO DA DEFESA;MINISTERIO DA DEFESA;DEPARTAMENTO DE ADMINISTRACAO INTERNA-MD;26/05/2017;HOTEL TROPICAL DA AMAZ;726
32000;MINISTERIO DE MINAS E ENERGIA;COMPANHIA DE PESQUISA DE RECURSOS MINERAIS;COMPANHIA DE PESQUISA DE RECURSOS MINERAIS;29/05/2017;HOTEL EDER;724
52000;MINISTERIO DA DEFESA;COMANDO DO EXERCITO;23 BATALHAO LOGISTICO DE SELVA;24/08/2017;CLEDSON MENDONCA JUNIOR - ME [APARTE HOTEL RIO XINGU];720
32000;MINISTERIO DE MINAS E ENERGIA;COMPANHIA DE PESQUISA DE RECURSOS MINERAIS;COMPANHIA DE PESQUISA DE RECURSOS MINERAIS;14/11/2017;IRMAOS PINHEIRO HOTEIS E TURISMO LTDA [INACIO PALACE HOTEL];710
52000;MINISTERIO DA DEFESA;COMANDO DO EXERCITO;COMANDO 13  BDA DE INFANTARIA MOTORIZADA;25/05/2017;ATMA ECOLODGE RESTAURANTE E HOTEL LTDA - EPP [POUSADA E RESTAURANTE ATMA];700
26000;MINISTERIO DA EDUCACAO;INST.FED.DE EDUC.,CIENC.E TEC.DA PARAIBA;INST.FED.DA PARAIBA/CAMPUS JOAO PESSOA;29/03/2017;PIPEL-PICOS PETROLEO LTDA [POSTO E HOTEL NACIONAL];700
32000;MINISTERIO DE MINAS E ENERGIA;COMPANHIA DE PESQUISA DE RECURSOS MINERAIS;COMPANHIA DE PESQUISA DE RECURSOS MINERAIS;25/02/2017;HOTEL TREVO SERVICO DE HOTELARIA LTDA  - ME [HOTEL TREVO];700
32000;MINISTERIO DE MINAS E ENERGIA;COMPANHIA DE PESQUISA DE RECURSOS MINERAIS;COMPANHIA DE PESQUISA DE RECURSOS MINERAIS;07/02/2017;JOSE ROBERTO BORGES - EPP [HOTEL BRASIL];700
32000;MINISTERIO DE MINAS E ENERGIA;COMPANHIA DE PESQUISA DE RECURSOS MINERAIS;COMPANHIA DE PESQUISA DE RECURSOS MINERAIS;15/02/2017;HOTEL KANAAN;700
32000;MINISTERIO DE MINAS E ENERGIA;COMPANHIA DE PESQUISA DE RECURSOS MINERAIS;COMPANHIA DE PESQUISA DE RECURSOS MINERAIS;20/02/2017;HOTEL JACONE LTDA - ME [HOTEL JACONE];700
32000;MINISTERIO DE MINAS E ENERGIA;COMPANHIA DE PESQUISA DE RECURSOS MINERAIS;COMPANHIA DE PESQUISA DE RECURSOS MINERAIS;05/07/2017;JOSE ROBERTO BORGES - EPP [HOTEL BRASIL];688
32000;MINISTERIO DE MINAS E ENERGIA;COMPANHIA DE PESQUISA DE RECURSOS MINERAIS;COMPANHIA DE PESQUISA DE RECURSOS MINERAIS;26/02/2017;HOTEL TREVO SERVICO DE HOTELARIA LTDA  - ME [HOTEL TREVO];680
32000;MINISTERIO DE MINAS E ENERGIA;COMPANHIA DE PESQUISA DE RECURSOS MINERAIS;COMPANHIA DE PESQUISA DE RECURSOS MINERAIS;14/11/2017;IRMAOS PINHEIRO HOTEIS E TURISMO LTDA [INACIO PALACE HOTEL];678
32000;MINISTERIO DE MINAS E ENERGIA;COMPANHIA DE PESQUISA DE RECURSOS MINERAIS;COMPANHIA DE PESQUISA DE RECURSOS MINERAIS;23/10/2017;PALLADIUM HOTEL LTDA ME  - ME [PALLADIUM HOTEL];668
52000;MINISTERIO DA DEFESA;COMANDO DO EXERCITO;COMANDO DA 17 BRIGADA DE INFANTARIA DE SELVA;20/09/2017;HOTEL OESTE LTDA - ME [HOTEL OESTE];660
32000;MINISTERIO DE MINAS E ENERGIA;COMPANHIA DE PESQUISA DE RECURSOS MINERAIS;COMPANHIA DE PESQUISA DE RECURSOS MINERAIS;20/10/2017;LUIZ & SGARIONI LTDA - ME [VALERIUS PALACE HOTEL];658.65
32000;MINISTERIO DE MINAS E ENERGIA;COMPANHIA DE PESQUISA DE RECURSOS MINERAIS;COMPANHIA DE PESQUISA DE RECURSOS MINERAIS;04/05/2017;HOTEL KANAAN LTDA - ME [HOTEL KANAAN];658
52000;MINISTERIO DA DEFESA;COMANDO DO EXERCITO;COUDELARIA DE RINCAO;11/12/2017;HOTEL SAO MARCOS;656
32000;MINISTERIO DE MINAS E ENERGIA;COMPANHIA DE PESQUISA DE RECURSOS MINERAIS;COMPANHIA DE PESQUISA DE RECURSOS MINERAIS;31/10/2017;HOTEL KANAAN;640
32000;MINISTERIO DE MINAS E ENERGIA;COMPANHIA DE PESQUISA DE RECURSOS MINERAIS;COMPANHIA DE PESQUISA DE RECURSOS MINERAIS;10/07/2017;GOMES VALADARES & DAL SANTOS DE SOUZA LTDA - ME [HOTEL E RESTAURANTE AMAZONAS];634
52000;MINISTERIO DA DEFESA;FUNDO DO EXERCITO;3 REGIMENTO DE CAVALARIA DE GUARDA;29/05/2017;COQUEIRO COMBUSTIVEIS E SERVICOS LTDA [RESTAURANTE HOTEL COQUEIRO];632.5
32000;MINISTERIO DE MINAS E ENERGIA;COMPANHIA DE PESQUISA DE RECURSOS MINERAIS;COMPANHIA DE PESQUISA DE RECURSOS MINERAIS;15/03/2017;IRMAOS PINHEIRO HOTEIS E TURISMO LTDA [INACIO PALACE HOTEL];630
32000;MINISTERIO DE MINAS E ENERGIA;COMPANHIA DE PESQUISA DE RECURSOS MINERAIS;COMPANHIA DE PESQUISA DE RECURSOS MINERAIS;16/03/2017;IRMAOS PINHEIRO HOTEIS E TURISMO LTDA [INACIO PALACE HOTEL];630
32000;MINISTERIO DE MINAS E ENERGIA;COMPANHIA DE PESQUISA DE RECURSOS MINERAIS;COMPANHIA DE PESQUISA DE RECURSOS MINERAIS;17/03/2017;IRMAOS PINHEIRO HOTEIS E TURISMO LTDA [INACIO PALACE HOTEL];630
32000;MINISTERIO DE MINAS E ENERGIA;COMPANHIA DE PESQUISA DE RECURSOS MINERAIS;COMPANHIA DE PESQUISA DE RECURSOS MINERAIS;19/03/2017;IRMAOS PINHEIRO HOTEIS E TURISMO LTDA [INACIO PALACE HOTEL];630
32000;MINISTERIO DE MINAS E ENERGIA;COMPANHIA DE PESQUISA DE RECURSOS MINERAIS;COMPANHIA DE PESQUISA DE RECURSOS MINERAIS;20/03/2017;IRMAOS PINHEIRO HOTEIS E TURISMO LTDA [INACIO PALACE HOTEL];630
32000;MINISTERIO DE MINAS E ENERGIA;COMPANHIA DE PESQUISA DE RECURSOS MINERAIS;COMPANHIA DE PESQUISA DE RECURSOS MINERAIS;29/04/2017;PALLADIUM HOTEL LTDA ME  - ME [PALLADIUM HOTEL];626.5
32000;MINISTERIO DE MINAS E ENERGIA;COMPANHIA DE PESQUISA DE RECURSOS MINERAIS;COMPANHIA DE PESQUISA DE RECURSOS MINERAIS;10/10/2017;N. DOS REIS FIGUEIREDO  - ME [HEBROM PALACE HOTEL];618
52000;MINISTERIO DA DEFESA;FUNDO DO EXERCITO;3 REGIMENTO DE CAVALARIA DE GUARDA;25/05/2017;COQUEIRO COMBUSTIVEIS E SERVICOS LTDA [RESTAURANTE HOTEL COQUEIRO];615
32000;MINISTERIO DE MINAS E ENERGIA;COMPANHIA DE PESQUISA DE RECURSOS MINERAIS;COMPANHIA DE PESQUISA DE RECURSOS MINERAIS;24/02/2017;HOTEL TREVO SERVICO DE HOTELARIA LTDA  - ME [HOTEL TREVO];600
32000;MINISTERIO DE MINAS E ENERGIA;COMPANHIA DE PESQUISA DE RECURSOS MINERAIS;COMPANHIA DE PESQUISA DE RECURSOS MINERAIS;21/02/2017;HOTEL JACONE LTDA - ME [HOTEL JACONE];600
32000;MINISTERIO DE MINAS E ENERGIA;COMPANHIA DE PESQUISA DE RECURSOS MINERAIS;COMPANHIA DE PESQUISA DE RECURSOS MINERAIS;24/10/2017;C. S. COSTA FURTADO - ME [HOTEL CENTRAL];600
32000;MINISTERIO DE MINAS E ENERGIA;DEPARTAMENTO NACIONAL DE PRODUCAO MINERAL;SUPERINTEND�NCIA DO DNPM-AM;13/12/2017;A. D. M. DA SILVA - SERVICOS [HOTEL MIRAMAR];600
32000;MINISTERIO DE MINAS E ENERGIA;COMPANHIA DE PESQUISA DE RECURSOS MINERAIS;COMPANHIA DE PESQUISA DE RECURSOS MINERAIS;18/03/2017;IRMAOS PINHEIRO HOTEIS E TURISMO LTDA [PINHEIRO PALACE HOTEL];599.9
32000;MINISTERIO DE MINAS E ENERGIA;COMPANHIA DE PESQUISA DE RECURSOS MINERAIS;COMPANHIA DE PESQUISA DE RECURSOS MINERAIS;23/10/2017;WILLIAN AMADEU DE SOUZA COGO - ME [HOSPEDARIA COGO];595
52000;MINISTERIO DA DEFESA;COMANDO DO EXERCITO;COUDELARIA DE RINCAO;14/12/2017;HOTEL SAO MARCOS;586.5
52000;MINISTERIO DA DEFESA;COMANDO DO EXERCITO;COMANDO DA 17 BRIGADA DE INFANTARIA DE SELVA;25/09/2017;HOTEL BR 364 LTDA - ME [HOTEL BR 364 LTDA];586
32000;MINISTERIO DE MINAS E ENERGIA;COMPANHIA DE PESQUISA DE RECURSOS MINERAIS;COMPANHIA DE PESQUISA DE RECURSOS MINERAIS;21/07/2017;HOTEL AGAPE LTDA  - ME [HOTEL AGAPE];567
52000;MINISTERIO DA DEFESA;COMANDO DO EXERCITO;17A BASE LOGISTICA;14/08/2017;PALLADIUM HOTEL LTDA ME  - ME [PALLADIUM HOTEL];550
32000;MINISTERIO DE MINAS E ENERGIA;COMPANHIA DE PESQUISA DE RECURSOS MINERAIS;COMPANHIA DE PESQUISA DE RECURSOS MINERAIS;17/02/2017;HOTEL KANAAN;550
32000;MINISTERIO DE MINAS E ENERGIA;COMPANHIA DE PESQUISA DE RECURSOS MINERAIS;COMPANHIA DE PESQUISA DE RECURSOS MINERAIS;06/11/2017;HOTEL KANAAN;550
32000;MINISTERIO DE MINAS E ENERGIA;COMPANHIA DE PESQUISA DE RECURSOS MINERAIS;COMPANHIA DE PESQUISA DE RECURSOS MINERAIS;02/11/2017;HOTEL TREVO SERVICO DE HOTELARIA LTDA  - ME [HOTEL TREVO];550
32000;MINISTERIO DE MINAS E ENERGIA;COMPANHIA DE PESQUISA DE RECURSOS MINERAIS;COMPANHIA DE PESQUISA DE RECURSOS MINERAIS;01/04/2017;BORGES & FERREIRA LTDA - ME [HOTEL CRYSTAL];549.5
26000;MINISTERIO DA EDUCACAO;INST.FED.DE EDUC.,CIENC.E TEC.DO MATO GROSSO;INST.FED.MATO GROSSO/CAMPUS S�O VICENTE;20/10/2017;MULTIBAR COMERCIO DE PRODUTOS PARA HOTEIS E RESTAURANTES LTDA - EPP [MULTIBAR];532.17
32000;MINISTERIO DE MINAS E ENERGIA;COMPANHIA DE PESQUISA DE RECURSOS MINERAIS;COMPANHIA DE PESQUISA DE RECURSOS MINERAIS;20/04/2017;HOTEL CANTELLI;505
32000;MINISTERIO DE MINAS E ENERGIA;COMPANHIA DE PESQUISA DE RECURSOS MINERAIS;COMPANHIA DE PESQUISA DE RECURSOS MINERAIS;22/02/2017;HOTEL JACONE LTDA - ME [HOTEL JACONE];500
32000;MINISTERIO DE MINAS E ENERGIA;COMPANHIA DE PESQUISA DE RECURSOS MINERAIS;COMPANHIA DE PESQUISA DE RECURSOS MINERAIS;16/10/2017;C. S. COSTA FURTADO - ME [HOTEL CENTRAL];500
32000;MINISTERIO DE MINAS E ENERGIA;COMPANHIA DE PESQUISA DE RECURSOS MINERAIS;COMPANHIA DE PESQUISA DE RECURSOS MINERAIS;27/10/2017;HOTEL TREVO SERVICO DE HOTELARIA LTDA  - ME [HOTEL TREVO];500
26000;MINISTERIO DA EDUCACAO;INST.FED.DE EDUC.,CIENC.E TEC.DO RS;INST.FED.DO RS/CAMPUS ERECHIM;13/10/2017;GARDEN HOTELS EMPREENDIMENTOS LTDA.;491.59
32000;MINISTERIO DE MINAS E ENERGIA;COMPANHIA DE PESQUISA DE RECURSOS MINERAIS;COMPANHIA DE PESQUISA DE RECURSOS MINERAIS;27/10/2017;IRMAOS PINHEIRO HOTEIS E TURISMO LTDA [INACIO PALACE HOTEL];483.7
32000;MINISTERIO DE MINAS E ENERGIA;COMPANHIA DE PESQUISA DE RECURSOS MINERAIS;COMPANHIA DE PESQUISA DE RECURSOS MINERAIS;09/10/2017;IRMAOS PINHEIRO HOTEIS E TURISMO LTDA [INACIO PALACE HOTEL];473.7
32000;MINISTERIO DE MINAS E ENERGIA;COMPANHIA DE PESQUISA DE RECURSOS MINERAIS;COMPANHIA DE PESQUISA DE RECURSOS MINERAIS;21/11/2017;IRMAOS PINHEIRO HOTEIS E TURISMO LTDA [INACIO PALACE HOTEL];463
32000;MINISTERIO DE MINAS E ENERGIA;COMPANHIA DE PESQUISA DE RECURSOS MINERAIS;COMPANHIA DE PESQUISA DE RECURSOS MINERAIS;21/11/2017;IRMAOS PINHEIRO HOTEIS E TURISMO LTDA [INACIO PALACE HOTEL];462.99
32000;MINISTERIO DE MINAS E ENERGIA;COMPANHIA DE PESQUISA DE RECURSOS MINERAIS;COMPANHIA DE PESQUISA DE RECURSOS MINERAIS;16/02/2017;IRMAOS PINHEIRO HOTEIS E TURISMO LTDA [INACIO PALACE HOTEL];461.7
20113;MINIST. DO PLANEJAMENTO, DESENVOLV. E GESTAO;FUNDACAO INST.BRAS.DE GEOGRAFIA E ESTATISTICA;UNIDADE ESTADUAL DO IBGE NO RIO DE JANEIRO;04/09/2017;PKB DE FRIBURGO HOTELARIA TURISMO EIRELI - ME;456
32000;MINISTERIO DE MINAS E ENERGIA;COMPANHIA DE PESQUISA DE RECURSOS MINERAIS;COMPANHIA DE PESQUISA DE RECURSOS MINERAIS;08/02/2017;JOSE ROBERTO BORGES - EPP [HOTEL BRASIL];432.5
32000;MINISTERIO DE MINAS E ENERGIA;COMPANHIA DE PESQUISA DE RECURSOS MINERAIS;COMPANHIA DE PESQUISA DE RECURSOS MINERAIS;01/07/2017;S S F ROCHA - ME [HOTEL AVENIDA];430
26000;MINISTERIO DA EDUCACAO;INST.FED.DE EDUC.,CIENC.E TEC.DO MATO GROSSO;INST.FED.MATO GROSSO/CAMPUS CUIAB�;03/10/2017;AUTO POSTO REAL HOTEL E RESTAURANTE LTDA [TREVAO - AUTO POSTO REAL];429.45
32000;MINISTERIO DE MINAS E ENERGIA;COMPANHIA DE PESQUISA DE RECURSOS MINERAIS;COMPANHIA DE PESQUISA DE RECURSOS MINERAIS;16/12/2017;IRMAOS PINHEIRO HOTEIS E TURISMO LTDA [INACIO PALACE HOTEL];421.7
32000;MINISTERIO DE MINAS E ENERGIA;COMPANHIA DE PESQUISA DE RECURSOS MINERAIS;COMPANHIA DE PESQUISA DE RECURSOS MINERAIS;12/07/2017;HOTEL FORTALEZA;420
26000;MINISTERIO DA EDUCACAO;UNIVERSIDADE FEDERAL DO PARA;UNIVERSIDADE FEDERAL DO PARA;13/03/2017;J. V. G MENDES - ME [HOTEL VERDES CAMPOS];420
52000;MINISTERIO DA DEFESA;COMANDO DO EXERCITO;25 BATALHAO DE CACADORES;01/02/2017;R ROCHA PORTELA & CIA LTDA - EPP [REAL PALACE HOTEL];416
52000;MINISTERIO DA DEFESA;COMANDO DO EXERCITO;17A BASE LOGISTICA;19/08/2017;CRISTALINA HOTEL;400
52000;MINISTERIO DA DEFESA;COMANDO DO EXERCITO;17A BASE LOGISTICA;01/07/2017;F. R. SOARES DAMASCENO LTDA - ME [OURO HOTEL];400
32000;MINISTERIO DE MINAS E ENERGIA;COMPANHIA DE PESQUISA DE RECURSOS MINERAIS;COMPANHIA DE PESQUISA DE RECURSOS MINERAIS;09/02/2017;AMAZON PLAZZA HOTEL LTDA - EPP;400
32000;MINISTERIO DE MINAS E ENERGIA;COMPANHIA DE PESQUISA DE RECURSOS MINERAIS;COMPANHIA DE PESQUISA DE RECURSOS MINERAIS;03/11/2017;HOTEL BRASIL;392
32000;MINISTERIO DE MINAS E ENERGIA;COMPANHIA DE PESQUISA DE RECURSOS MINERAIS;COMPANHIA DE PESQUISA DE RECURSOS MINERAIS;18/03/2017;HOTEL ECOS LTDA - EPP [HOTEL ECOS LTDA];388.5
32000;MINISTERIO DE MINAS E ENERGIA;COMPANHIA DE PESQUISA DE RECURSOS MINERAIS;COMPANHIA DE PESQUISA DE RECURSOS MINERAIS;25/10/2017;HOTEL LUAR LTDA - ME [HOTEL LUAR];387
52000;MINISTERIO DA DEFESA;FUNDO DO EXERCITO;22 BATALHAO DE INFANTARIA;27/01/2017;HOTEL ESTRELA PALMAS LTDA  - ME [HOTEL ESTRELA PALMAS];380
32000;MINISTERIO DE MINAS E ENERGIA;COMPANHIA DE PESQUISA DE RECURSOS MINERAIS;COMPANHIA DE PESQUISA DE RECURSOS MINERAIS;18/11/2017;POUSADA LAURIAN LTDA - ME [POUSADA LAURIAN];380
32000;MINISTERIO DE MINAS E ENERGIA;COMPANHIA DE PESQUISA DE RECURSOS MINERAIS;COMPANHIA DE PESQUISA DE RECURSOS MINERAIS;15/07/2017;HOTEL KANAAN LTDA - ME [HOTEL KANAAN];363
52000;MINISTERIO DA DEFESA;COMANDO DO EXERCITO;23 BATALHAO LOGISTICO DE SELVA;27/08/2017;CLEDSON MENDONCA JUNIOR - ME [APARTE HOTEL RIO XINGU];360
52000;MINISTERIO DA DEFESA;COMANDO DO EXERCITO;19 BATALHAO DE CACADORES;15/06/2017;DEOLINDA ALVES RODRIGUES - ME [HOTEL CANTINHO VERDE];360
52000;MINISTERIO DA DEFESA;COMANDO DO EXERCITO;23 BATALHAO LOGISTICO DE SELVA;18/04/2017;CLEDSON MENDONCA JUNIOR - ME [APARTE HOTEL RIO XINGU];360
52000;MINISTERIO DA DEFESA;COMANDO DO EXERCITO;23 BATALHAO LOGISTICO DE SELVA;20/04/2017;CLEDSON MENDONCA JUNIOR - ME [APARTE HOTEL RIO XINGU];360
52000;MINISTERIO DA DEFESA;COMANDO DO EXERCITO;17A BASE LOGISTICA;19/11/2017;F. R. SOARES DAMASCENO LTDA - ME [OURO HOTEL];360
52000;MINISTERIO DA DEFESA;COMANDO DO EXERCITO;15 BATALHAO LOGISTICO;12/11/2017;CHURRASCARIA MONICA LTDA - ME [HOTEL E RESTAURANTE VITORIA];360
32000;MINISTERIO DE MINAS E ENERGIA;COMPANHIA DE PESQUISA DE RECURSOS MINERAIS;COMPANHIA DE PESQUISA DE RECURSOS MINERAIS;15/10/2017;IRMAOS PINHEIRO HOTEIS E TURISMO LTDA [INACIO PALACE HOTEL];358
52000;MINISTERIO DA DEFESA;COMANDO DO EXERCITO;17A BASE LOGISTICA;16/09/2017;F. R. SOARES DAMASCENO LTDA - ME [OURO HOTEL];350
52000;MINISTERIO DA DEFESA;COMANDO DO EXERCITO;17A BASE LOGISTICA;21/11/2017;F. R. SOARES DAMASCENO LTDA - ME [OURO HOTEL];350
20113;MINIST. DO PLANEJAMENTO, DESENVOLV. E GESTAO;FUNDACAO INST.BRAS.DE GEOGRAFIA E ESTATISTICA;UNIDADE ESTADUAL DO IBGE NO RIO DE JANEIRO;10/11/2017;PKB DE FRIBURGO HOTELARIA TURISMO EIRELI - ME;348
30000;MINISTERIO DA JUSTICA E SEGURAN�A PUBLICA;FUNDACAO NACIONAL DO INDIO;COORDENA��O REGIONAL NORDESTE 1/AL;22/03/2017;FRANCISCO MANOEL DA SILVA IBIMIRIM - ME [POUSADA VALE DO MOXOTO];341.95
52000;MINISTERIO DA DEFESA;FUNDO DO EXERCITO;2 BATALH�O FERROVI�RIO;16/08/2017;OLINI E MEDICI LTDA - ME [HOTEL VITORIA];340
52000;MINISTERIO DA DEFESA;COMANDO DO EXERCITO;19 BATALHAO DE CACADORES;14/06/2017;QUALITYSUL RESTAURANTE E HOTEL LTDA - ME [QUALITYSUL RESTAURANTE E HOTEL];340
52000;MINISTERIO DA DEFESA;COMANDO DO EXERCITO;17A BASE LOGISTICA;27/04/2017;HOTEL & RESTAURANTE ACAI LTDA - ME [POUSADA & RESTAURANTE ACAI];338
32000;MINISTERIO DE MINAS E ENERGIA;COMPANHIA DE PESQUISA DE RECURSOS MINERAIS;COMPANHIA DE PESQUISA DE RECURSOS MINERAIS;10/12/2017;G CARDOSO [AQUARIUS HOTEL AQUARIUS];334
52000;MINISTERIO DA DEFESA;COMANDO DO EXERCITO;BASE ADMINISTRATIVA DO CMDO DE OP ESPECIAIS;14/06/2017;HOTEL DOS CAMALOTES;330
32000;MINISTERIO DE MINAS E ENERGIA;COMPANHIA DE PESQUISA DE RECURSOS MINERAIS;COMPANHIA DE PESQUISA DE RECURSOS MINERAIS;06/10/2017;WILLIAN AMADEU DE SOUZA COGO - ME [HOSPEDARIA COGO];330
52000;MINISTERIO DA DEFESA;FUNDO DO EXERCITO;COMANDO DE ARTILHARIA DIVISIONARIA DA 1 DE;25/04/2017;HOSTESS HOTEL S/A;329.6
26000;MINISTERIO DA EDUCACAO;EMPRESA BRASIL.DE SERV.HOSPITALARES - EBSERH;EBSERH HUOL-UFRN;04/08/2017;MV COMERCIO DE PRODUTOS PARA HOTEIS E RESTAURANTES LTDA - ME [MULTIBAR];327.23
32000;MINISTERIO DE MINAS E ENERGIA;COMPANHIA DE PESQUISA DE RECURSOS MINERAIS;COMPANHIA DE PESQUISA DE RECURSOS MINERAIS;03/07/2017;WILLIAN AMADEU DE SOUZA COGO - ME [HOSPEDARIA COGO];323.14
32000;MINISTERIO DE MINAS E ENERGIA;COMPANHIA DE PESQUISA DE RECURSOS MINERAIS;COMPANHIA DE PESQUISA DE RECURSOS MINERAIS;20/10/2017;HOTEL CANTELLI;323
52000;MINISTERIO DA DEFESA;FUNDO DO EXERCITO;2� REGIMENTO DE CAVALARIA DE GUARDAS;06/11/2017;PANTERAO 57 HOTEL RESTAURANTE E COMERCIO DE CARNES LTDA - EPP;322.5
52000;MINISTERIO DA DEFESA;COMANDO DO EXERCITO;17A BASE LOGISTICA;30/04/2017;HOTEL & RESTAURANTE ACAI LTDA - ME [POUSADA & RESTAURANTE ACAI];322
52000;MINISTERIO DA DEFESA;FUNDO DO EXERCITO;2 BATALH�O FERROVI�RIO;17/08/2017;OLINI E MEDICI LTDA - ME [HOTEL VITORIA];320
32000;MINISTERIO DE MINAS E ENERGIA;COMPANHIA DE PESQUISA DE RECURSOS MINERAIS;COMPANHIA DE PESQUISA DE RECURSOS MINERAIS;15/07/2017;HOTEL E RESTAURANTE SOLTOVSKI EIRELI - ME [HOTEL E RESTAURANTE CONEXAO PACIFICO];320
52000;MINISTERIO DA DEFESA;COMANDO DO EXERCITO;17A BASE LOGISTICA;17/09/2017;HOTEL & RESTAURANTE ACAI LTDA - ME [POUSADA & RESTAURANTE ACAI];313
32000;MINISTERIO DE MINAS E ENERGIA;COMPANHIA DE PESQUISA DE RECURSOS MINERAIS;COMPANHIA DE PESQUISA DE RECURSOS MINERAIS;21/04/2017;HOTEL FORTALEZA;312
32000;MINISTERIO DE MINAS E ENERGIA;COMPANHIA DE PESQUISA DE RECURSOS MINERAIS;COMPANHIA DE PESQUISA DE RECURSOS MINERAIS;07/11/2017;LUIZ & SGARIONI LTDA - ME [VALERIUS PALACE HOTEL];310.4
20113;MINIST. DO PLANEJAMENTO, DESENVOLV. E GESTAO;FUNDACAO INST.BRAS.DE GEOGRAFIA E ESTATISTICA;UNIDADE ESTADUAL DO IBGE NO RIO DE JANEIRO;20/09/2017;RODRIGUES & OLIVEIRA EQUIPAMENTOS HOTELEIROS LTDA [HUMAITA LOUCAS];304.3
32000;MINISTERIO DE MINAS E ENERGIA;COMPANHIA DE PESQUISA DE RECURSOS MINERAIS;COMPANHIA DE PESQUISA DE RECURSOS MINERAIS;01/12/2017;N. DOS REIS FIGUEIREDO [HEBROM PALACE HOTEL];304.2
26000;MINISTERIO DA EDUCACAO;EMPRESA BRASIL.DE SERV.HOSPITALARES - EBSERH;EBSERH HUOL-UFRN;10/02/2017;MV COMERCIO DE PRODUTOS PARA HOTEIS E RESTAURANTES LTDA - ME [MULTIBAR];302.99
32000;MINISTERIO DE MINAS E ENERGIA;COMPANHIA DE PESQUISA DE RECURSOS MINERAIS;COMPANHIA DE PESQUISA DE RECURSOS MINERAIS;30/11/2017;LUIZ & SGARIONI LTDA [VALERIUS PALACE HOTEL];302.9
52000;MINISTERIO DA DEFESA;COMANDO DO EXERCITO;COMANDO 13  BDA DE INFANTARIA MOTORIZADA;25/05/2017;ATMA ECOLODGE RESTAURANTE E HOTEL LTDA - EPP [POUSADA E RESTAURANTE ATMA];300
52000;MINISTERIO DA DEFESA;COMANDO DO EXERCITO;17A BASE LOGISTICA;11/02/2017;F. R. SOARES DAMASCENO LTDA - ME [OURO HOTEL];300
26000;MINISTERIO DA EDUCACAO;INST.FED.DE EDUC.,CIENC.E TEC.FARROUPILHA;INST.FED.DE EDUC.,CIENC.E TEC.FARROUPILHA;14/09/2017;MAR & SOL APART HOTEIS E LAZER LTDA - ME [HOTEL SANTA CRUZ];300
22000;MINIST. DA AGRICUL.,PECUARIA E ABASTECIMENTO;COMPANHIA NACIONAL DE ABASTECIMENTO;CONAB SEDE SUREG MATO GROSSO;23/01/2017;MULTIBAR COMERCIO DE PRODUTOS PARA HOTEIS E RESTAURANTES LTDA - EPP [MULTIBAR];298.73
32000;MINISTERIO DE MINAS E ENERGIA;COMPANHIA DE PESQUISA DE RECURSOS MINERAIS;COMPANHIA DE PESQUISA DE RECURSOS MINERAIS;18/10/2017;GOMES VALADARES & DAL SANTOS DE SOUZA LTDA - ME [HOTEL E RESTAURANTE AMAZONAS];297
52000;MINISTERIO DA DEFESA;COMANDO DO EXERCITO;17A BASE LOGISTICA;12/02/2017;HOTEL & RESTAURANTE ACAI LTDA - ME [POUSADA & RESTAURANTE ACAI];280
52000;MINISTERIO DA DEFESA;COMANDO DO EXERCITO;4 BATALHAO LOGISTICO;06/12/2017;CRACCO PARK HOTEL LTDA [CRACCO PARK HOTEL];280
20000;PRESIDENCIA DA REPUBLICA;INST. NACIONAL DE COLONIZ. E REFORMA AGRARIA;SUPERINTEND.ESTADUAL DE GOIAS-INCRA/SR-04;17/05/2017;TRANSVAL HOTEIS EMPREENDIMENTOS GERAIS LTDA [POSTO E HOTEL BRASILIA I];275.02
20113;MINIST. DO PLANEJAMENTO, DESENVOLV. E GESTAO;FUNDACAO INST.BRAS.DE GEOGRAFIA E ESTATISTICA;UNIDADE ESTADUAL DO IBGE NO RIO GRANDE DO SUL;02/09/2017;HOTEL DALL ONDER LTDA;275
52000;MINISTERIO DA DEFESA;FUNDO DO EXERCITO;22 BATALHAO DE INFANTARIA;30/03/2017;LUAR & SOL LTDA - EPP [ATLAS HOTEL];273.5
52000;MINISTERIO DA DEFESA;COMANDO DO EXERCITO;BASE ADMINISTRATIVA DO CMDO DE OP ESPECIAIS;04/06/2017;POUSADA REMANSO LTDA - ME [POUSADA REMANSO];270
52000;MINISTERIO DA DEFESA;COMANDO DO EXERCITO;BASE ADMINISTRATIVA DO CMDO DE OP ESPECIAIS;10/06/2017;POUSADA REMANSO LTDA - ME [POUSADA REMANSO];270
32000;MINISTERIO DE MINAS E ENERGIA;COMPANHIA DE PESQUISA DE RECURSOS MINERAIS;COMPANHIA DE PESQUISA DE RECURSOS MINERAIS;26/04/2017;HOTEL KANAAN LTDA - ME [HOTEL KANAAN];270
20113;MINIST. DO PLANEJAMENTO, DESENVOLV. E GESTAO;FUNDACAO INST.BRAS.DE GEOGRAFIA E ESTATISTICA;UNIDADE ESTADUAL DO IBGE NO RIO DE JANEIRO;06/09/2017;PKB DE FRIBURGO HOTELARIA TURISMO EIRELI - ME;267
32000;MINISTERIO DE MINAS E ENERGIA;COMPANHIA DE PESQUISA DE RECURSOS MINERAIS;COMPANHIA DE PESQUISA DE RECURSOS MINERAIS;07/12/2017;GOMES VALADARES & DAL SANTOS DE SOUZA LTDA [HOTEL E RESTAURANTE AMAZONAS];263
32000;MINISTERIO DE MINAS E ENERGIA;COMPANHIA DE PESQUISA DE RECURSOS MINERAIS;COMPANHIA DE PESQUISA DE RECURSOS MINERAIS;07/04/2017;LUIZ & SGARIONI LTDA - ME [VALERIUS PALACE HOTEL];261.4
32000;MINISTERIO DE MINAS E ENERGIA;COMPANHIA DE PESQUISA DE RECURSOS MINERAIS;COMPANHIA DE PESQUISA DE RECURSOS MINERAIS;20/04/2017;IRMAOS PINHEIRO HOTEIS E TURISMO LTDA [INACIO PALACE HOTEL];260.8
52000;MINISTERIO DA DEFESA;FUNDO DO EXERCITO;2 BATALH�O FERROVI�RIO;16/08/2017;HOTEL SAO GERALDO LTDA - ME;260
52000;MINISTERIO DA DEFESA;FUNDO DO EXERCITO;2 BATALH�O FERROVI�RIO;23/11/2017;Z DIAS BORGES - EPP [HOTEL FAMILIAR];260
52000;MINISTERIO DA DEFESA;FUNDO DO EXERCITO;COMANDO DE ARTILHARIA DIVISIONARIA DA 1 DE;07/03/2017;HOSTESS HOTEL S/A;244.64
20113;MINIST. DO PLANEJAMENTO, DESENVOLV. E GESTAO;FUNDACAO INST.BRAS.DE GEOGRAFIA E ESTATISTICA;UNIDADE ESTADUAL DO IBGE NO RIO DE JANEIRO;22/11/2017;PKB DE FRIBURGO HOTELARIA TURISMO EIRELI - ME;244.42
20000;PRESIDENCIA DA REPUBLICA;INSTITUTO NAC. DE COLONIZACAO E REF. AGRARIA;SUPERINTEND.ESTADUAL DO PARA-INCRA/SR-01;22/09/2017;JOANIM HOTEIS E PONTO DE APOIO LTDA [HOTEL CRICABOM];244.03
52000;MINISTERIO DA DEFESA;COMANDO DO EXERCITO;9 BATALHAO DE ENGENHARIA DE CONSTRUCAO;26/07/2017;ICM HOTELARIA LTDA  - ME [LIBERTE PALACE HOTEL];241.5
52000;MINISTERIO DA DEFESA;COMANDO DO EXERCITO;17A BASE LOGISTICA;11/06/2017;HOTEL & RESTAURANTE ACAI LTDA - ME [POUSADA & RESTAURANTE ACAI];240
52000;MINISTERIO DA DEFESA;COMANDO DO EXERCITO;COMANDO DA 11A. REGIAO MILITAR;07/09/2017;H L M HOTEL LTDA - ME [HOTEL GRACIOSA PALACE];240
32000;MINISTERIO DE MINAS E ENERGIA;DEPARTAMENTO NACIONAL DE PRODUCAO MINERAL;SUPERINTEND�NCIA DO DNPM-PA;22/11/2017;T M DA SILVA HOTEL - ME [ENCONTRO DAS AGUA HOTEL];240
52000;MINISTERIO DA DEFESA;COMANDO DO EXERCITO;20 REGIMENTO DE CAVALARIA BLINDADO;18/11/2017;MARIA ANGELICA REDA - ME [HOTEL LIDER];240
52000;MINISTERIO DA DEFESA;FUNDO DO EXERCITO;2 BATALH�O FERROVI�RIO;22/11/2017;FRANCISCO ANSELMO FOLLMANN - ME [HOTEL E RESTAURANTE DO CHICO];240
52000;MINISTERIO DA DEFESA;COMANDO DO EXERCITO;COUDELARIA DE RINCAO;11/11/2017;BERNARDI & PEREIRA LTDA - ME [HOTEL BELA VISTA];236.8
20000;PRESIDENCIA DA REPUBLICA;ADVOCACIA-GERAL DA UNIAO - AGU;SUPERINTENDENCIA ADMINISTRACAO EM PERNAMBUCO;05/10/2017;MV COMERCIO DE PRODUTOS PARA HOTEIS E RESTAURANTES LTDA - ME [MULTIBAR];228
52000;MINISTERIO DA DEFESA;COMANDO DO EXERCITO;17A BASE LOGISTICA;08/06/2017;HOTEL & RESTAURANTE ACAI LTDA - ME [POUSADA & RESTAURANTE ACAI];225
32000;MINISTERIO DE MINAS E ENERGIA;COMPANHIA DE PESQUISA DE RECURSOS MINERAIS;COMPANHIA DE PESQUISA DE RECURSOS MINERAIS;20/10/2017;HOTEL E REST. CONEXAO;222
32000;MINISTERIO DE MINAS E ENERGIA;DEPARTAMENTO NACIONAL DE PRODUCAO MINERAL;SUPERINTEND�NCIA DO DNPM-BA;19/06/2017;POSTO E POUSADA CARRANQUINHA LTDA - ME [POSTO E POUSADA CARRANQUINHA];218.99
36000;MINISTERIO DA SAUDE;FUNDACAO NACIONAL DE SAUDE;FUNDACAO NACIONAL DE SAUDE - RN;30/03/2017;MV COMERCIO DE PRODUTOS PARA HOTEIS E RESTAURANTES LTDA - ME [MULTIBAR];218
52000;MINISTERIO DA DEFESA;COMANDO DO EXERCITO;2  BATALHAO DE FRONTEIRA;16/05/2017;A C O DA SILVA HERMES & CIA LTDA - ME [HOTEL VENEZA];212.5
32000;MINISTERIO DE MINAS E ENERGIA;COMPANHIA DE PESQUISA DE RECURSOS MINERAIS;COMPANHIA DE PESQUISA DE RECURSOS MINERAIS;08/02/2017;JOSE ROBERTO BORGES - EPP [HOTEL BRASIL];210
32000;MINISTERIO DE MINAS E ENERGIA;COMPANHIA DE PESQUISA DE RECURSOS MINERAIS;COMPANHIA DE PESQUISA DE RECURSOS MINERAIS;28/04/2017;JOSE ROBERTO BORGES - EPP [HOTEL BRASIL];206
32000;MINISTERIO DE MINAS E ENERGIA;COMPANHIA DE PESQUISA DE RECURSOS MINERAIS;COMPANHIA DE PESQUISA DE RECURSOS MINERAIS;21/03/2017;IRMAOS PINHEIRO HOTEIS E TURISMO LTDA [INACIO PALACE HOTEL];201
53000;MINISTERIO DA INTEGRACAO NACIONAL;DEPARTAMENTO NAC. DE OBRAS CONTRA AS SECAS;DNOCS CEST/PI-TERESINA-PI;27/07/2017;PIPEL-PICOS PETROLEO LTDA [POSTO E HOTEL NACIONAL];200.82
20113;MINIST. DO PLANEJAMENTO, DESENVOLV. E GESTAO;FUNDACAO INST.BRAS.DE GEOGRAFIA E ESTATISTICA;UNIDADE ESTADUAL DO IBGE NO PIAUI;03/11/2017;TERESINA EMPREENDIMENTOS HOTELEIROS LTDA [TERESINA EMPREENDIMENTOS HOTELEIROS];200
20113;MINIST. DO PLANEJAMENTO, DESENVOLV. E GESTAO;FUNDACAO INST.BRAS.DE GEOGRAFIA E ESTATISTICA;UNIDADE ESTADUAL DO IBGE NO MARANH�O;15/12/2017;FC HOTEL LTDA [FC HOTEL];200
52000;MINISTERIO DA DEFESA;COMANDO DO EXERCITO;COUDELARIA DE RINCAO;14/12/2017;J TEDESCHI DIAS & DIAS LTDA [COLONIAL PLAZA HOTEL];200
32000;MINISTERIO DE MINAS E ENERGIA;COMPANHIA DE PESQUISA DE RECURSOS MINERAIS;COMPANHIA DE PESQUISA DE RECURSOS MINERAIS;09/12/2017;PALLADIUM HOTEL LTDA ME [PALLADIUM HOTEL];199
32000;MINISTERIO DE MINAS E ENERGIA;COMPANHIA DE PESQUISA DE RECURSOS MINERAIS;COMPANHIA DE PESQUISA DE RECURSOS MINERAIS;13/07/2017;PALLADIUM HOTEL LTDA ME  - ME [PALLADIUM HOTEL];198.5
52000;MINISTERIO DA DEFESA;COMANDO DO EXERCITO;COUDELARIA DE RINCAO;11/11/2017;LUANA SALVI & CIA. LTDA. - ME [POUSADA NORTE-SUL];196
32000;MINISTERIO DE MINAS E ENERGIA;DEPARTAMENTO NACIONAL DE PRODUCAO MINERAL;SUPERINTEND�NCIA DO DNPM-BA;14/08/2017;POSTO E POUSADA CARRANQUINHA LTDA - ME [POSTO E POUSADA CARRANQUINHA];193.88
52000;MINISTERIO DA DEFESA;COMANDO DO EXERCITO;BASE ADMINISTRATIVA DO CMDO DE OP ESPECIAIS;02/06/2017;JOSE ELIAS DE ALVARENGA DUARTE - ME [HOTEL CHALE];192
52000;MINISTERIO DA DEFESA;COMANDO DO EXERCITO;BASE ADMINISTRATIVA DO CMDO DE OP ESPECIAIS;14/06/2017;JOSE ELIAS DE ALVARENGA DUARTE - ME [HOTEL CHALE];192
25000;MINISTERIO DA FAZENDA;RECEITA FEDERAL DO BRASIL;DELEGACIA DA RFB EM MARINGA;22/05/2017;GUERZA COMERCIO DE PRESENTES E ARTIGOS DE HOTELARIA - EIRELI - EPP [PROLAR];190.3
22000;MINIST. DA AGRICUL.,PECUARIA E ABASTECIMENTO;MINISTERIO DA AGRIC.PECUARIA E ABASTECIMENTO;SUPERINT.FED.DE AGRIC.,PEC.E ABASTECIMENTO/PA;05/04/2017;POSTO E HOTEL UNIAO 2R LTDA [POSTO E HOTEL UNIAO 2R];189.02
52000;MINISTERIO DA DEFESA;FUNDO DO EXERCITO;5. BATALHAO DE SUPRIMENTO;15/02/2017;REAL HOTELARIA LTDA;187
32000;MINISTERIO DE MINAS E ENERGIA;DEPARTAMENTO NACIONAL DE PRODUCAO MINERAL;SUPERINTEND�NCIA DO DNPM-AL;24/11/2017;POSTO E HOTEL DI'VAN LTDA [POSTO DI VAN];184.43
20000;PRESIDENCIA DA REPUBLICA;INST. NACIONAL DE COLONIZ. E REFORMA AGRARIA;SUPERINTEND.ESTADUAL DE GOIAS-INCRA/SR-04;29/11/2017;HOTEL CASTRO;183.7
52000;MINISTERIO DA DEFESA;COMANDO DO EXERCITO;BASE ADMINISTRATIVA DO CMDO DE OP ESPECIAIS;15/06/2017;JOSE ELIAS DE ALVARENGA DUARTE - ME [HOTEL CHALE];180
52000;MINISTERIO DA DEFESA;FUNDO DO EXERCITO;5. BATALHAO DE SUPRIMENTO;23/02/2017;HOTEL SANTA MARIA DE CAMPO MOURAO LTDA - EPP [HARBOR INN SANTA MARIA];180
20113;MINIST. DO PLANEJAMENTO, DESENVOLV. E GESTAO;FUNDACAO INST.BRAS.DE GEOGRAFIA E ESTATISTICA;UNIDADE ESTADUAL DO IBGE EM TOCANTINS;28/08/2017;LAGO DA PALMA HOTELARIA E TURISMO LTDA - ME [HOTEL LAGO DA PALMA];180
32000;MINISTERIO DE MINAS E ENERGIA;DEPARTAMENTO NACIONAL DE PRODUCAO MINERAL;SUPERINTEND�NCIA DO DNPM-PI;13/09/2017;PIPEL-PICOS PETROLEO LTDA [POSTO E HOTEL NACIONAL];180
32000;MINISTERIO DE MINAS E ENERGIA;COMPANHIA DE PESQUISA DE RECURSOS MINERAIS;COMPANHIA DE PESQUISA DE RECURSOS MINERAIS;18/10/2017;HOTEL E REST. CONEXAO;180
32000;MINISTERIO DE MINAS E ENERGIA;COMPANHIA DE PESQUISA DE RECURSOS MINERAIS;COMPANHIA DE PESQUISA DE RECURSOS MINERAIS;24/11/2017;MARIA ANGELA MAGALHAES ELIAS - ME [HOTEL COLORADO];180
40000;MINISTERIO DO TRABALHO;FUNDO DE AMPARO AO TRABALHADOR;SUPERINT REG DO TRAB E EMPREGO/MT;15/02/2017;MULTIBAR COMERCIO DE PRODUTOS PARA HOTEIS E RESTAURANTES LTDA - EPP [MULTIBAR];175.04
26000;MINISTERIO DA EDUCACAO;FUNDACAO UNIVERSIDADE FEDERAL DE SERGIPE;FUNDACAO UNIVERSIDADE FEDERAL DE SERGIPE;21/02/2017;POSTO E HOTEL DI'VAN LTDA [POSTO DI VAN];171.01
52000;MINISTERIO DA DEFESA;COMANDO DO EXERCITO;4. DEPOSITO DE SUPRIMENTO;22/02/2017;HOTEL DOS MOTORISTAS LTDA  - ME [HOTEL DOS MOTORISTAS];168
53000;MINISTERIO DA INTEGRACAO NACIONAL;DEPARTAMENTO NAC. DE OBRAS CONTRA AS SECAS;DNOCS CEST/PI-TERESINA-PI;26/07/2017;PIPEL-PICOS PETROLEO LTDA [POSTO E HOTEL NACIONAL];166.02
32000;MINISTERIO DE MINAS E ENERGIA;COMPANHIA DE PESQUISA DE RECURSOS MINERAIS;COMPANHIA DE PESQUISA DE RECURSOS MINERAIS;28/03/2017;BORGES & FERREIRA LTDA - ME [HOTEL CRYSTAL];165.5
32000;MINISTERIO DE MINAS E ENERGIA;COMPANHIA DE PESQUISA DE RECURSOS MINERAIS;COMPANHIA DE PESQUISA DE RECURSOS MINERAIS;29/04/2017;LUIZ & SGARIONI LTDA - ME [VALERIUS PALACE HOTEL];165.25
20000;PRESIDENCIA DA REPUBLICA;INSTITUTO NAC. DE COLONIZACAO E REF. AGRARIA;SUPERINTEND.ESTADUAL DO PARA-INCRA/SR-01;29/05/2017;JOANIM HOTEIS E PONTO DE APOIO LTDA [HOTEL CRICABOM];163.31
32000;MINISTERIO DE MINAS E ENERGIA;COMPANHIA DE PESQUISA DE RECURSOS MINERAIS;COMPANHIA DE PESQUISA DE RECURSOS MINERAIS;14/12/2017;IRMAOS PINHEIRO HOTEIS E TURISMO LTDA [INACIO PALACE HOTEL];162
32000;MINISTERIO DE MINAS E ENERGIA;COMPANHIA DE PESQUISA DE RECURSOS MINERAIS;COMPANHIA DE PESQUISA DE RECURSOS MINERAIS;05/12/2017;IRMAOS PINHEIRO HOTEIS E TURISMO LTDA [INACIO PALACE HOTEL];161.9
20113;MINIST. DO PLANEJAMENTO, DESENVOLV. E GESTAO;FUNDACAO INST.BRAS.DE GEOGRAFIA E ESTATISTICA;UNIDADE ESTADUAL DO IBGE EM SAO PAULO;23/06/2017;ORGANIZACAO HOTELEIRA FONTE COLINA VERDE LTDA;160
26000;MINISTERIO DA EDUCACAO;INST.FED.DE EDUC.,CIENC.E TEC.FARROUPILHA;INST.FED.DE EDUC.,CIENC.E TEC.FARROUPILHA;30/09/2017;VITORIA STRASSBURGER KUHN - ME [HOTEL ALVORADA];160
52000;MINISTERIO DA DEFESA;COMANDO DO EXERCITO;17A BASE LOGISTICA;21/11/2017;J. A. DA SILVA OLIVEIRA - ME [HOTEL & LOCADORA CRUZEIRO];160
52000;MINISTERIO DA DEFESA;FUNDO DO EXERCITO;3 REGIMENTO DE CAVALARIA DE GUARDA;17/06/2017;CHURRASCARIA E HOTEL 500 DA REGIS LTDA - ME [CHURRASCARIA E HOTEL 500 DA REGIS];158
20113;MINIST. DO PLANEJAMENTO, DESENVOLV. E GESTAO;FUNDACAO INST.BRAS.DE GEOGRAFIA E ESTATISTICA;UNIDADE ESTADUAL DO IBGE NO RIO DE JANEIRO;01/12/2017;PKB DE FRIBURGO HOTELARIA TURISMO EIRELI;153.93
53000;MINISTERIO DA INTEGRACAO NACIONAL;DEPARTAMENTO NAC. DE OBRAS CONTRA AS SECAS;DNOCS CEST/PI-TERESINA-PI;16/08/2017;PIPEL-PICOS PETROLEO LTDA [POSTO E HOTEL NACIONAL];153.85
30000;MINISTERIO DA JUSTICA E SEGURAN�A PUBLICA;FUNDACAO NACIONAL DO INDIO;COORDENA��O REGIONAL NORDESTE 1/AL;22/03/2017;FRANCISCO MANOEL DA SILVA IBIMIRIM - ME [POUSADA VALE DO MOXOTO];152.85
32000;MINISTERIO DE MINAS E ENERGIA;DEPARTAMENTO NACIONAL DE PRODUCAO MINERAL;SUPERINTEND�NCIA DO DNPM-AL;17/05/2017;POSTO E HOTEL DI'VAN LTDA [POSTO DI VAN];152.77
32000;MINISTERIO DE MINAS E ENERGIA;COMPANHIA DE PESQUISA DE RECURSOS MINERAIS;COMPANHIA DE PESQUISA DE RECURSOS MINERAIS;11/10/2017;LUIZ & SGARIONI LTDA - ME [VALERIUS PALACE HOTEL];152.5
52000;MINISTERIO DA DEFESA;COMANDO DO EXERCITO;9 BATALHAO DE ENGENHARIA DE CONSTRUCAO;23/07/2017;SANDRA PORTELA PEREIRA - ME [POUSADA E CHURRASCARIA SAO PEDRO];150
52000;MINISTERIO DA DEFESA;FUNDO DO EXERCITO;22 BATALHAO DE INFANTARIA;27/01/2017;HOTEL ESTRELA PALMAS LTDA  - ME [HOTEL ESTRELA PALMAS];150
52000;MINISTERIO DA DEFESA;COMANDO DO EXERCITO;25 BATALHAO DE CACADORES;14/02/2017;R ROCHA PORTELA & CIA LTDA - EPP [REAL PALACE HOTEL];148
52000;MINISTERIO DA DEFESA;COMANDO DO EXERCITO;19 BATALHAO DE CACADORES;14/06/2017;QUALITYSUL RESTAURANTE E HOTEL LTDA - ME [QUALITYSUL RESTAURANTE E HOTEL];147.63
32000;MINISTERIO DE MINAS E ENERGIA;DEPARTAMENTO NACIONAL DE PRODUCAO MINERAL;SUPERINTEND�NCIA DO DNPM-BA;16/05/2017;POSTO E POUSADA CARRANQUINHA LTDA - ME [POSTO E POUSADA CARRANQUINHA];146.79
26000;MINISTERIO DA EDUCACAO;EMPRESA BRASIL.DE SERV.HOSPITALARES - EBSERH;EBSERH HUOL-UFRN;13/12/2017;MV COMERCIO DE PRODUTOS PARA HOTEIS E RESTAURANTES LTDA [MULTIBAR];146.65
32000;MINISTERIO DE MINAS E ENERGIA;COMPANHIA DE PESQUISA DE RECURSOS MINERAIS;COMPANHIA DE PESQUISA DE RECURSOS MINERAIS;08/12/2017;HOTEL CANTELLI;146
32000;MINISTERIO DE MINAS E ENERGIA;COMPANHIA DE PESQUISA DE RECURSOS MINERAIS;COMPANHIA DE PESQUISA DE RECURSOS MINERAIS;11/10/2017;HOTEL CANTELLI;141
32000;MINISTERIO DE MINAS E ENERGIA;COMPANHIA DE PESQUISA DE RECURSOS MINERAIS;COMPANHIA DE PESQUISA DE RECURSOS MINERAIS;29/03/2017;GOMES VALADARES & DAL SANTOS DE SOUZA LTDA - ME [HOTEL E RESTAURANTE AMAZONAS];140
52000;MINISTERIO DA DEFESA;COMANDO DO EXERCITO;COMANDO DA 17 BRIGADA DE INFANTARIA DE SELVA;20/09/2017;NUNZIO GRASSO JUNIOR - EPP [HOTEL MIRAGE];140
52000;MINISTERIO DA DEFESA;COMANDO DO EXERCITO;COMANDO DA 17 BRIGADA DE INFANTARIA DE SELVA;20/09/2017;HOTEL OESTE LTDA - ME [HOTEL OESTE];140
32000;MINISTERIO DE MINAS E ENERGIA;DEPARTAMENTO NACIONAL DE PRODUCAO MINERAL;SUPERINTEND�NCIA DO DNPM-AL;22/05/2017;POSTO E HOTEL DI'VAN LTDA [POSTO DI VAN];138.98
52000;MINISTERIO DA DEFESA;FUNDO DO EXERCITO;5. BATALHAO DE SUPRIMENTO;15/02/2017;PRESIDENTE HOTEL LTDA - ME;138
25000;MINISTERIO DA FAZENDA;RECEITA FEDERAL DO BRASIL;DELEGACIA DA RFB EM RIBEIRAO PRETO;24/05/2017;R.F DISTRIBUIDORA DE COPOS E CIA. EIRELI - ME [R.F HOTELARIA];137.4
32000;MINISTERIO DE MINAS E ENERGIA;COMPANHIA DE PESQUISA DE RECURSOS MINERAIS;COMPANHIA DE PESQUISA DE RECURSOS MINERAIS;07/07/2017;HOTEL CANTELLI;136
52000;MINISTERIO DA DEFESA;COMANDO DO EXERCITO;9 BATALHAO DE ENGENHARIA DE CONSTRUCAO;17/07/2017;FRANCISCO ANSELMO FOLLMANN - ME [HOTEL E RESTAURANTE DO CHICO];135
52000;MINISTERIO DA DEFESA;FUNDO DO EXERCITO;5. BATALHAO DE SUPRIMENTO;22/02/2017;A. J. PIRES & CIA. LTDA. - ME [VERDES CAMPOS HOTEL E RESTAURANTE];135
52000;MINISTERIO DA DEFESA;FUNDO DO EXERCITO;2� REGIMENTO DE CAVALARIA DE GUARDAS;10/11/2017;CHURRASCARIA E HOTEL 500 DA REGIS LTDA - ME [CHURRASCARIA E HOTEL 500 DA REGIS];135
52000;MINISTERIO DA DEFESA;COMANDO DO EXERCITO;ACADEMIA MILITAR DAS AGULHAS NEGRAS;02/07/2017;OLIVEIRAS HOTEL LTDA - ME [OLIVEIRAS HOTEL];134
20113;MINIST. DO PLANEJAMENTO, DESENVOLV. E GESTAO;FUNDACAO INST.BRAS.DE GEOGRAFIA E ESTATISTICA;UNIDADE ESTADUAL DO IBGE NA BAHIA;15/12/2017;MARIA ALVES DOS SANTOS DE CICERO DANTAS [POUSADA AGNELO];133.36
53000;MINISTERIO DA INTEGRACAO NACIONAL;DEPARTAMENTO NAC. DE OBRAS CONTRA AS SECAS;DNOCS CEST/PI-TERESINA-PI;28/06/2017;PIPEL-PICOS PETROLEO LTDA [POSTO E HOTEL NACIONAL];132.06
32000;MINISTERIO DE MINAS E ENERGIA;COMPANHIA DE PESQUISA DE RECURSOS MINERAIS;COMPANHIA DE PESQUISA DE RECURSOS MINERAIS;24/02/2017;HOTEL JACONE LTDA - ME [HOTEL JACONE];131
52000;MINISTERIO DA DEFESA;COMANDO DO EXERCITO;17A BASE LOGISTICA;26/07/2017;V. B. DE OLIVEIRA PALACE HOTEL  - ME [OLIVEIRA PALACE HOTEL];130
52000;MINISTERIO DA DEFESA;COMANDO DO EXERCITO;17A BASE LOGISTICA;29/07/2017;MADALON HOTEL EIRELI ME  - ME [HOTEL BRASIL];130
53000;MINISTERIO DA INTEGRACAO NACIONAL;SUPERINTEND.DO DESENVOLV.DA AMAZONIA-SUDAM;SUPERINTEND. DO DESENVOLVIMENTO DA AMAZONIA;07/08/2017;H. G. MENDES - EPP [LOCA MAIS VECULOS (MAIS HOTEL)];130
52000;MINISTERIO DA DEFESA;COMANDO DO EXERCITO;9 BATALHAO DE ENGENHARIA DE CONSTRUCAO;19/07/2017;M. R. DA SILVA GOMES - ME [HOTEL NOVO SOL];130
26000;MINISTERIO DA EDUCACAO;FUNDACAO JOAQUIM NABUCO;FUNDACAO JOAQUIM NABUCO;13/06/2017;MARIA JACIRA DO AMARANTE - ME [RIO MAR HOTEL];130
30000;MINISTERIO DA JUSTICA E SEGURAN�A PUBLICA;DEPARTAMENTO DE POLICIA RODOVIARIA FEDERAL;SUPERINTENDENCIA REG. POL. RODV. FEDERAL-GO;24/03/2017;AUTO POSTO REAL HOTEL E RESTAURANTE LTDA [TREVAO - AUTO POSTO REAL];125.17
52000;MINISTERIO DA DEFESA;COMANDO DO EXERCITO;5� CENTRO DE GEOINFORMA��O;01/06/2017;MENDES HOTEIS TURISMO E ADMINISTRADORA LTDA;125
32000;MINISTERIO DE MINAS E ENERGIA;DEPARTAMENTO NACIONAL DE PRODUCAO MINERAL;SUPERINTEND�NCIA DO DNPM-AL;27/05/2017;POSTO E HOTEL DI'VAN LTDA [POSTO DI VAN];122.47
52000;MINISTERIO DA DEFESA;COMANDO DO EXERCITO;18 BATALHAO DE TRANSPORTE;25/02/2017;V. B. DE OLIVEIRA PALACE HOTEL  - ME [OLIVEIRA PALACE HOTEL];120
52000;MINISTERIO DA DEFESA;FUNDO DO EXERCITO;2 BATALH�O FERROVI�RIO;22/11/2017;FRANCISCO ANSELMO FOLLMANN - ME [HOTEL E RESTAURANTE DO CHICO];115
30000;MINISTERIO DA JUSTICA E SEGURAN�A PUBLICA;FUNDO NACIONAL ANTIDROGAS;FUNDO NACIONAL ANTIDROGAS;02/06/2017;GCS ADMINISTRACAO DE HOTEIS LTDA - ME;114.98
52000;MINISTERIO DA DEFESA;COMANDO DO EXERCITO;17A BASE LOGISTICA;11/06/2017;HOTEL & RESTAURANTE ACAI LTDA - ME [POUSADA & RESTAURANTE ACAI];113
52000;MINISTERIO DA DEFESA;FUNDO DO EXERCITO;2 BATALH�O FERROVI�RIO;22/11/2017;JOELISE DE SOUZA HERMES - ME [CHURRASCARIA BEIRA RIO E HOTEL];112.5
52000;MINISTERIO DA DEFESA;COMANDO DO EXERCITO;9 BATALHAO DE ENGENHARIA DE CONSTRUCAO;22/07/2017;HOTEL E LANCHONETE MARACANA LTDA - ME [HOTEL E LANCHONETE MARACANA];110
52000;MINISTERIO DA DEFESA;COMANDO DO EXERCITO;19 BATALHAO DE CACADORES;16/06/2017;RONI HOTEIS E RESTAURANTES LTDA - EPP;105
20000;PRESIDENCIA DA REPUBLICA;INSTITUTO NAC. DE COLONIZACAO E REF. AGRARIA;SUPERINTEND.ESTADUAL DO PARA-INCRA/SR-01;30/05/2017;JOANIM HOTEIS E PONTO DE APOIO LTDA [HOTEL CRICABOM];101.94
52000;MINISTERIO DA DEFESA;COMANDO DO EXERCITO;11� BATALH�O DE INFANTARIA DE MONTANHA;28/07/2017;POSTO & HOTEL GIRA-SOL LTDA [POSTO & HOTEL GIRA-SOL];100
32000;MINISTERIO DE MINAS E ENERGIA;COMPANHIA DE PESQUISA DE RECURSOS MINERAIS;COMPANHIA DE PESQUISA DE RECURSOS MINERAIS;21/04/2017;POR DO SOL COMERCIO E SERVICOS LTDA - ME [ECO-TUR POUSADA];100
32000;MINISTERIO DE MINAS E ENERGIA;COMPANHIA DE PESQUISA DE RECURSOS MINERAIS;COMPANHIA DE PESQUISA DE RECURSOS MINERAIS;09/11/2017;HOTEL TREVO SERVICO DE HOTELARIA LTDA  - ME [HOTEL TREVO];100
52000;MINISTERIO DA DEFESA;COMANDO DO EXERCITO;20 REGIMENTO DE CAVALARIA BLINDADO;31/10/2017;NEUSA JOSEFINA COLOMBO BORBA - ME [HOTEL E MOTEL MONTE BELO];100
52000;MINISTERIO DA DEFESA;COMANDO DO EXERCITO;2 BATALHAO DE ENGENHARIA DE CONSTRUCAO;09/06/2017;A J R DE MELO - ME [POUSADA E ARMARINHO];98.4
36000;MINISTERIO DA SAUDE;FUNDACAO NACIONAL DE SAUDE;FUNDACAO NACIONAL DE SAUDE - RN;03/04/2017;MV COMERCIO DE PRODUTOS PARA HOTEIS E RESTAURANTES LTDA - ME [MULTIBAR];96.49
52000;MINISTERIO DA DEFESA;FUNDO DO EXERCITO;2 BATALH�O FERROVI�RIO;23/10/2017;PAULO G DA S S NUNES - ME [RESTAURANTE E POUSADA SERRA AZUL];95
52000;MINISTERIO DA DEFESA;COMANDO DO EXERCITO;COUDELARIA DE RINCAO;12/11/2017;CHURRASCARIA E HOTEL 500 DA REGIS LTDA - ME [CHURRASCARIA E HOTEL 500 DA REGIS];94.5
52000;MINISTERIO DA DEFESA;COMANDO DO EXERCITO;BASE ADMINISTRATIVA DO C COM G EX;02/08/2017;JOSE LUIZ DOS SANTOS - ME [HOTEL E RESTAURANTE CONGONHAS];93
52000;MINISTERIO DA DEFESA;FUNDO DO EXERCITO;COMANDO 5 REGIAO MILITAR/5 DIVISAO  EXERCITO;15/08/2017;AVL HOTEIS LTDA - EPP [TREVI HOTEL];92.4
20000;PRESIDENCIA DA REPUBLICA;INSTITUTO NAC. DE COLONIZACAO E REF. AGRARIA;SUPERINTEND.ESTADUAL DO PARA-INCRA/SR-01;01/06/2017;JOANIM HOTEIS E PONTO DE APOIO LTDA [HOTEL CRICABOM];91.94
32000;MINISTERIO DE MINAS E ENERGIA;COMPANHIA DE PESQUISA DE RECURSOS MINERAIS;COMPANHIA DE PESQUISA DE RECURSOS MINERAIS;26/06/2017;IRMAOS PINHEIRO HOTEIS E TURISMO LTDA [INACIO PALACE HOTEL];85.04
52000;MINISTERIO DA DEFESA;COMANDO DO EXERCITO;18 BATALHAO DE TRANSPORTE;23/02/2017;M. M. ROCHA EIRELI [HOTEL VERONA];85
32000;MINISTERIO DE MINAS E ENERGIA;COMPANHIA DE PESQUISA DE RECURSOS MINERAIS;COMPANHIA DE PESQUISA DE RECURSOS MINERAIS;23/02/2017;HOTEL JACONE LTDA - ME [HOTEL JACONE];84
32000;MINISTERIO DE MINAS E ENERGIA;COMPANHIA DE PESQUISA DE RECURSOS MINERAIS;COMPANHIA DE PESQUISA DE RECURSOS MINERAIS;25/01/2017;METROPOLITAN HOTEL LTDA [METROPOLITAN HOTEL];80
52000;MINISTERIO DA DEFESA;MINISTERIO DA DEFESA;DEPARTAMENTO DE ADMINISTRACAO INTERNA-MD;16/11/2017;CASULO - POUSADA E EMPREENDIMENTOS TURISTICOS LTDA - ME [CASULO POUSADA];80
52000;MINISTERIO DA DEFESA;FUNDO DO EXERCITO;2 BATALH�O FERROVI�RIO;26/10/2017;VERA LUCIA ROCHA DA SILVA - ME [POUSADA MARANATA];80
52000;MINISTERIO DA DEFESA;COMANDO DO EXERCITO;9� GRUPAMENTO LOG�STICO;29/11/2017;R C LIRA DE C ALMEIDA [RESTAURANTE, LANCHONETE E HOTEL CASAGRANDE];80
32000;MINISTERIO DE MINAS E ENERGIA;COMPANHIA DE PESQUISA DE RECURSOS MINERAIS;COMPANHIA DE PESQUISA DE RECURSOS MINERAIS;06/01/2017;METROPOLITAN HOTEL LTDA [METROPOLITAN HOTEL];78.5
52000;MINISTERIO DA DEFESA;FUNDO DO EXERCITO;5. BATALHAO DE SUPRIMENTO;15/02/2017;LUANA SALVI & CIA. LTDA. - ME [POUSADA NORTE-SUL];78.3
32000;MINISTERIO DE MINAS E ENERGIA;COMPANHIA DE PESQUISA DE RECURSOS MINERAIS;COMPANHIA DE PESQUISA DE RECURSOS MINERAIS;08/02/2017;METROPOLITAN HOTEL LTDA [METROPOLITAN HOTEL];77.5
20000;PRESIDENCIA DA REPUBLICA;INSTITUTO NAC. DE COLONIZACAO E REF. AGRARIA;SUPERINTEND.ESTADUAL DO PARA-INCRA/SR-01;27/05/2017;JOANIM HOTEIS E PONTO DE APOIO LTDA [HOTEL CRICABOM];77.07
40000;MINISTERIO DO TRABALHO;FUNDO DE AMPARO AO TRABALHADOR;SUPERINT REG DO TRAB E EMPREGO/PI;27/07/2017;JOSE DA LUZ SILVA MERCEARIA - ME [HOTEL FLORA];75
52000;MINISTERIO DA DEFESA;FUNDO DO EXERCITO;5. BATALHAO DE SUPRIMENTO;08/02/2017;HOTEL E RESTAURANTE GAUCHAO LTDA - ME;74
52000;MINISTERIO DA DEFESA;COMANDO DO EXERCITO;5. BATALHAO DE SUPRIMENTO;06/12/2017;E. TRAMONTINA E C. TRAMONTINA HOTEL E RESTAURANTE LTDA;70
52000;MINISTERIO DA DEFESA;FUNDO DO EXERCITO;5. BATALHAO DE SUPRIMENTO;08/02/2017;G. CRISTO - RESTAURANTE  - ME [HOTEL E RESTAURANTE ALVORADA];67
32000;MINISTERIO DE MINAS E ENERGIA;COMPANHIA DE PESQUISA DE RECURSOS MINERAIS;COMPANHIA DE PESQUISA DE RECURSOS MINERAIS;27/04/2017;GOMES VALADARES & DAL SANTOS DE SOUZA LTDA - ME [HOTEL E RESTAURANTE AMAZONAS];66
52000;MINISTERIO DA DEFESA;COMANDO DO EXERCITO;5. BATALHAO DE SUPRIMENTO;27/06/2017;E. TRAMONTINA E C. TRAMONTINA HOTEL E RESTAURANTE LTDA - ME;65
52000;MINISTERIO DA DEFESA;COMANDO DO EXERCITO;4 BATALHAO LOGISTICO;31/10/2017;CRACCO PARK HOTEL LTDA - EPP [CRACCO PARK HOTEL];60
52000;MINISTERIO DA DEFESA;FUNDO DO EXERCITO;COMANDO 5 REGIAO MILITAR/5 DIVISAO  EXERCITO;14/11/2017;GCS ADMINISTRACAO DE HOTEIS LTDA - ME;56
22000;MINIST. DA AGRICUL.,PECUARIA E ABASTECIMENTO;COMPANHIA NACIONAL DE ABASTECIMENTO;CONAB SEDE SUREG MATO GROSSO;24/04/2017;MULTIBAR COMERCIO DE PRODUTOS PARA HOTEIS E RESTAURANTES LTDA - EPP [MULTIBAR];51.82
52000;MINISTERIO DA DEFESA;COMANDO DO EXERCITO;4 BATALHAO LOGISTICO;09/11/2017;STOP BAR RESENDE LTDA - ME [RESTAURANTE E POUSADA OVOMALTINE];48
52000;MINISTERIO DA DEFESA;COMANDO DO EXERCITO;2 BATALHAO DE ENGENHARIA DE CONSTRUCAO;02/07/2017;PAULO G DA S S NUNES - ME [RESTAURANTE E POUSADA SERRA AZUL];44
52000;MINISTERIO DA DEFESA;COMANDO DO EXERCITO;18 BATALHAO DE TRANSPORTE;09/06/2017;R C LIRA DE C ALMEIDA - ME [RESTAURANTE, LANCHONETE E HOTEL CASAGRANDE];44
52000;MINISTERIO DA DEFESA;COMANDO DO EXERCITO;ACADEMIA MILITAR DAS AGULHAS NEGRAS;22/05/2017;PANTERAO 57 HOTEL RESTAURANTE E COMERCIO DE CARNES LTDA - EPP;43.3
52000;MINISTERIO DA DEFESA;COMANDO DO EXERCITO;17A BASE LOGISTICA;21/02/2017;NOVO HOTEL E RESTAURAN;41.76
20000;PRESIDENCIA DA REPUBLICA;ADVOCACIA-GERAL DA UNIAO - AGU;SUPERINTENDENCIA ADMINISTRACAO EM PERNAMBUCO;12/05/2017;MV COMERCIO DE PRODUTOS PARA HOTEIS E RESTAURANTES LTDA - ME [MULTIBAR];40
25000;MINISTERIO DA FAZENDA;RECEITA FEDERAL DO BRASIL;DELEGACIA DA RFB EM BAURU;09/02/2017;REI DA HOTELARIA COMERCIO DE REFRIGERACAO LTDA - ME [REI DA HOTELARIA];40
52000;MINISTERIO DA DEFESA;COMANDO DO EXERCITO;4 BATALHAO LOGISTICO;17/11/2017;CRACCO PARK HOTEL LTDA - EPP [CRACCO PARK HOTEL];40
30000;MINISTERIO DA JUSTICA E SEGURAN�A PUBLICA;CONSELHO ADMINISTRATIVO DE DEFESA ECONOMICA;CONSELHO ADMINISTRATIVO DE DEFESA ECONOMICA;28/11/2017;C3 PARKING ESTACIONAMENTOS LTDA [AUTOVAGAS HOTEL IBIS BUDGET SAO PAULO];40
30000;MINISTERIO DA JUSTICA E SEGURAN�A PUBLICA;CONSELHO ADMINISTRATIVO DE DEFESA ECONOMICA;CONSELHO ADMINISTRATIVO DE DEFESA ECONOMICA;27/11/2017;C3 PARKING ESTACIONAMENTOS LTDA [AUTOVAGAS HOTEL IBIS BUDGET SAO PAULO];40
30000;MINISTERIO DA JUSTICA E SEGURAN�A PUBLICA;CONSELHO ADMINISTRATIVO DE DEFESA ECONOMICA;CONSELHO ADMINISTRATIVO DE DEFESA ECONOMICA;28/11/2017;C3 PARKING ESTACIONAMENTOS LTDA [AUTOVAGAS HOTEL IBIS BUDGET SAO PAULO];40
52000;MINISTERIO DA DEFESA;COMANDO DO EXERCITO;ACADEMIA MILITAR DAS AGULHAS NEGRAS;06/12/2017;LANCHONETE, RESTAURANTE E POUSADA CATAVENTO LTDA;38
52000;MINISTERIO DA DEFESA;FUNDO DO EXERCITO;2 BATALH�O FERROVI�RIO;18/04/2017;HOTEL E RESTAURANTE SONHO VERDE LTDA - ME [SONHO VERDE];35.5
52000;MINISTERIO DA DEFESA;FUNDO DO EXERCITO;COMANDO DE ARTILHARIA DIVISIONARIA DA 1 DE;27/04/2017;HOSTESS HOTEL S/A;30.7
52000;MINISTERIO DA DEFESA;COMANDO DO EXERCITO;9 BATALHAO DE ENGENHARIA DE CONSTRUCAO;23/07/2017;NOVA POUSADA PINHEIRO LTDA - ME [NOVA POUSADA PINHEIRO];30
28000;MINIST. DA INDUSTRIA, COM.EXTERIOR E SERVICOS;INSTIT.NAC. DE METROL. QUALID. E TECNOLOGIA;SUPERINTENDENCIA DO INMETRO NO ESTADO DO RS;13/12/2017;HOTEL ELEVADO LTDA [HOTEL ELEVADO];30
52000;MINISTERIO DA DEFESA;FUNDO DO EXERCITO;2 BATALH�O FERROVI�RIO;25/11/2017;VIA MONTES ALIMENTACAO E HOSPEDAGEM LTDA - ME [HOTEL E RESTAURANTE VIA MONTES];29.5
52000;MINISTERIO DA DEFESA;COMANDO DO EXERCITO;2 BATALHAO DE ENGENHARIA DE CONSTRUCAO;29/06/2017;A J R DE MELO - ME [POUSADA E ARMARINHO];25
52000;MINISTERIO DA DEFESA;COMANDO DO EXERCITO;2 BATALHAO DE ENGENHARIA DE CONSTRUCAO;30/06/2017;JOAQUIM BRASIL MACHADO - ME [RESTAURANTE E POUSADA ESPACO MIL];22.95
52000;MINISTERIO DA DEFESA;COMANDO DO EXERCITO;ESCOLA DE CMDO E ESTADO-MAIOR DO EXERCITO;12/09/2017;HOTEL COLINAS LTDA [HOTEL COLINAS];20
30000;MINISTERIO DA JUSTICA E SEGURAN�A PUBLICA;CONSELHO ADMINISTRATIVO DE DEFESA ECONOMICA;CONSELHO ADMINISTRATIVO DE DEFESA ECONOMICA;27/11/2017;C3 PARKING ESTACIONAMENTOS LTDA [AUTOVAGAS HOTEL IBIS BUDGET SAO PAULO];20
30000;MINISTERIO DA JUSTICA E SEGURAN�A PUBLICA;CONSELHO ADMINISTRATIVO DE DEFESA ECONOMICA;CONSELHO ADMINISTRATIVO DE DEFESA ECONOMICA;26/11/2017;C3 PARKING ESTACIONAMENTOS LTDA [AUTOVAGAS HOTEL IBIS BUDGET SAO PAULO];20
30000;MINISTERIO DA JUSTICA E SEGURAN�A PUBLICA;CONSELHO ADMINISTRATIVO DE DEFESA ECONOMICA;CONSELHO ADMINISTRATIVO DE DEFESA ECONOMICA;28/11/2017;C3 PARKING ESTACIONAMENTOS LTDA [AUTOVAGAS HOTEL IBIS BUDGET SAO PAULO];20
30000;MINISTERIO DA JUSTICA E SEGURAN�A PUBLICA;CONSELHO ADMINISTRATIVO DE DEFESA ECONOMICA;CONSELHO ADMINISTRATIVO DE DEFESA ECONOMICA;27/11/2017;C3 PARKING ESTACIONAMENTOS LTDA [AUTOVAGAS HOTEL IBIS BUDGET SAO PAULO];20
26000;MINISTERIO DA EDUCACAO;UNIVERSIDADE FEDERAL DO RIO GRANDE - FURG;UNIVERSIDADE FEDERAL DO RIO GRANDE - FURG;18/09/2017;SULTOTAL COMERCIO DE PRODUTOS DE HOTELARIA LTDA - ME [SULTOTAL];19.8
36000;MINISTERIO DA SAUDE;FUNDACAO NACIONAL DE SAUDE;FUNDACAO NACIONAL DE SAUDE - RN;31/03/2017;MV COMERCIO DE PRODUTOS PARA HOTEIS E RESTAURANTES LTDA - ME [MULTIBAR];18
24000;MINIST.DA CIENCIA,TECNOL.,INOV.E COMUNICACOES;COMISSAO NACIONAL DE ENERGIA NUCLEAR - CNEN;COMISSAO NACIONAL DE ENERGIA NUCLEAR-SEDE;30/06/2017;HOTEL EXPRESS LTDA - EPP [HOTEL EXPRESS];15
20113;MINIST. DO PLANEJAMENTO, DESENVOLV. E GESTAO;FUNDACAO INST.BRAS.DE GEOGRAFIA E ESTATISTICA;FUNDACAO IBGE-ADMINISTRACAO CENTRAL/RJ;14/11/2017;HARAOUI HOTELARIA - EIRELI - EPP [GETULLIO HOTEL];15
28000;MINIST. DA INDUSTRIA, COM.EXTERIOR E SERVICOS;INSTIT.NAC. DE METROL. QUALID. E TECNOLOGIA;SUPERINTENDENCIA DO INMETRO NO ESTADO DO RS;13/12/2017;HOTEL ELEVADO LTDA [HOTEL ELEVADO];15
32000;MINISTERIO DE MINAS E ENERGIA;COMPANHIA DE PESQUISA DE RECURSOS MINERAIS;COMPANHIA DE PESQUISA DE RECURSOS MINERAIS;10/01/2017;BHG S.A. - BRAZIL HOSPITALITY GROUP [HOTEL GOLDEN TULIP REGENTE];14
32000;MINISTERIO DE MINAS E ENERGIA;DEPARTAMENTO NACIONAL DE PRODUCAO MINERAL;SUPERINTEND�NCIA DO DNPM-RS;14/06/2017;CITHOS TURISMO HOTELARIA E SERVICOS EIRELI;12
32000;MINISTERIO DE MINAS E ENERGIA;DEPARTAMENTO NACIONAL DE PRODUCAO MINERAL;SUPERINTEND�NCIA DO DNPM-RS;26/09/2017;CITHOS TURISMO HOTELARIA E SERVICOS EIRELI;12
52000;MINISTERIO DA DEFESA;COMANDO DO EXERCITO;9 BATALHAO DE ENGENHARIA DE CONSTRUCAO;19/07/2017;M. R. DA SILVA GOMES - ME [HOTEL NOVO SOL];11
32000;MINISTERIO DE MINAS E ENERGIA;COMPANHIA DE PESQUISA DE RECURSOS MINERAIS;COMPANHIA DE PESQUISA DE RECURSOS MINERAIS;29/03/2017;GOMES VALADARES & DAL SANTOS DE SOUZA LTDA - ME [HOTEL E RESTAURANTE AMAZONAS];8
32000;MINISTERIO DE MINAS E ENERGIA;COMPANHIA DE PESQUISA DE RECURSOS MINERAIS;COMPANHIA DE PESQUISA DE RECURSOS MINERAIS;24/10/2017;HOTEL E REST. CONEXAO;8
52000;MINISTERIO DA DEFESA;COMANDO DO EXERCITO;BASE ADMINISTRATIVA DO CMDO DE OP ESPECIAIS;05/06/2017;RODRIGUES & GOMES POUSADA E TURISMO RURAL LTDA - ME [POUSADA PANTANEIRA FOZ DO RIO APA];7
26000;MINISTERIO DA EDUCACAO;UNIVERSIDADE FEDERAL DO PARA;UNIVERSIDADE FEDERAL DO PARA;10/10/2017;HOTEL RIO PARNAIBA LTDA [HOTEL RIO PARNAIBA];1
